fixture_id,season,gw,dates,home,away
1,2026-27,6,10-12 October 2026,ARS,LEE
2,2026-27,6,10-12 October 2026,AVL,BRE
3,2026-27,6,10-12 October 2026,CHE,BOU
4,2026-27,6,10-12 October 2026,COV,NEW
5,2026-27,6,10-12 October 2026,CRY,NFO
6,2026-27,6,10-12 October 2026,HUL,EVE
7,2026-27,6,10-12 October 2026,IPS,FUL
8,2026-27,6,10-12 October 2026,LIV,MCI
9,2026-27,6,10-12 October 2026,MUN,TOT
10,2026-27,6,10-12 October 2026,SUN,BHA
11,2026-27,7,17-19 October 2026,BOU,SUN
12,2026-27,7,17-19 October 2026,BRE,LIV
13,2026-27,7,17-19 October 2026,BHA,CRY
14,2026-27,7,17-19 October 2026,EVE,CHE
15,2026-27,7,17-19 October 2026,FUL,HUL
16,2026-27,7,17-19 October 2026,LEE,MUN
17,2026-27,7,17-19 October 2026,MCI,IPS
18,2026-27,7,17-19 October 2026,NEW,AVL
19,2026-27,7,17-19 October 2026,NFO,ARS
20,2026-27,7,17-19 October 2026,TOT,COV
21,2026-27,8,24-25 October 2026,ARS,EVE
22,2026-27,8,24-25 October 2026,AVL,MCI
23,2026-27,8,24-25 October 2026,CHE,TOT
24,2026-27,8,24-25 October 2026,COV,FUL
25,2026-27,8,24-25 October 2026,CRY,NEW
26,2026-27,8,24-25 October 2026,HUL,BRE
27,2026-27,8,24-25 October 2026,IPS,NFO
28,2026-27,8,24-25 October 2026,LIV,BHA
29,2026-27,8,24-25 October 2026,MUN,BOU
30,2026-27,8,24-25 October 2026,SUN,LEE
31,2026-27,9,31 October - 2 November 2026,BOU,LEE
32,2026-27,9,31 October - 2 November 2026,AVL,FUL
33,2026-27,9,31 October - 2 November 2026,BRE,NFO
34,2026-27,9,31 October - 2 November 2026,CHE,MUN
35,2026-27,9,31 October - 2 November 2026,COV,SUN
36,2026-27,9,31 October - 2 November 2026,HUL,IPS
37,2026-27,9,31 October - 2 November 2026,LIV,ARS
38,2026-27,9,31 October - 2 November 2026,MCI,BHA
39,2026-27,9,31 October - 2 November 2026,NEW,EVE
40,2026-27,9,31 October - 2 November 2026,TOT,CRY
41,2026-27,10,7-8 November 2026,ARS,HUL
42,2026-27,10,7-8 November 2026,BHA,BRE
43,2026-27,10,7-8 November 2026,CRY,LIV
44,2026-27,10,7-8 November 2026,EVE,COV
45,2026-27,10,7-8 November 2026,FUL,NEW
46,2026-27,10,7-8 November 2026,IPS,BOU
47,2026-27,10,7-8 November 2026,LEE,TOT
48,2026-27,10,7-8 November 2026,MUN,AVL
49,2026-27,10,7-8 November 2026,NFO,MCI
50,2026-27,10,7-8 November 2026,SUN,CHE
51,2026-27,11,21-23 November 2026,BOU,NFO
52,2026-27,11,21-23 November 2026,AVL,SUN
53,2026-27,11,21-23 November 2026,BRE,EVE
54,2026-27,11,21-23 November 2026,CHE,LEE
55,2026-27,11,21-23 November 2026,COV,CRY
56,2026-27,11,21-23 November 2026,HUL,BHA
57,2026-27,11,21-23 November 2026,LIV,MUN
58,2026-27,11,21-23 November 2026,MCI,FUL
59,2026-27,11,21-23 November 2026,NEW,ARS
60,2026-27,11,21-23 November 2026,TOT,IPS
61,2026-27,12,28-29 November 2026,ARS,MCI
62,2026-27,12,28-29 November 2026,BHA,NEW
63,2026-27,12,28-29 November 2026,CRY,HUL
64,2026-27,12,28-29 November 2026,EVE,LIV
65,2026-27,12,28-29 November 2026,FUL,BOU
66,2026-27,12,28-29 November 2026,IPS,AVL
67,2026-27,12,28-29 November 2026,LEE,COV
68,2026-27,12,28-29 November 2026,MUN,BRE
69,2026-27,12,28-29 November 2026,NFO,CHE
70,2026-27,12,28-29 November 2026,SUN,TOT
71,2026-27,13,2 December 2026,BOU,BHA
72,2026-27,13,2 December 2026,AVL,EVE
73,2026-27,13,2 December 2026,BRE,ARS
74,2026-27,13,2 December 2026,CHE,CRY
75,2026-27,13,2 December 2026,COV,IPS
76,2026-27,13,2 December 2026,HUL,NFO
77,2026-27,13,2 December 2026,LIV,SUN
78,2026-27,13,2 December 2026,MCI,LEE
79,2026-27,13,2 December 2026,NEW,MUN
80,2026-27,13,2 December 2026,TOT,FUL
81,2026-27,14,5 December 2026,BOU,HUL
82,2026-27,14,5 December 2026,AVL,CRY
83,2026-27,14,5 December 2026,BRE,MCI
84,2026-27,14,5 December 2026,CHE,LIV
85,2026-27,14,5 December 2026,EVE,FUL
86,2026-27,14,5 December 2026,LEE,IPS
87,2026-27,14,5 December 2026,MUN,COV
88,2026-27,14,5 December 2026,NEW,SUN
89,2026-27,14,5 December 2026,NFO,BHA
90,2026-27,14,5 December 2026,TOT,ARS
91,2026-27,15,12 December 2026,ARS,BOU
92,2026-27,15,12 December 2026,BHA,EVE
93,2026-27,15,12 December 2026,COV,AVL
94,2026-27,15,12 December 2026,CRY,MUN
95,2026-27,15,12 December 2026,FUL,BRE
96,2026-27,15,12 December 2026,HUL,TOT
97,2026-27,15,12 December 2026,IPS,NEW
98,2026-27,15,12 December 2026,LIV,LEE
99,2026-27,15,12 December 2026,MCI,CHE
100,2026-27,15,12 December 2026,SUN,NFO
101,2026-27,16,19 December 2026,BOU,COV
102,2026-27,16,19 December 2026,ARS,MUN
103,2026-27,16,19 December 2026,BRE,NEW
104,2026-27,16,19 December 2026,BHA,IPS
105,2026-27,16,19 December 2026,CHE,AVL
106,2026-27,16,19 December 2026,LEE,FUL
107,2026-27,16,19 December 2026,LIV,TOT
108,2026-27,16,19 December 2026,MCI,HUL
109,2026-27,16,19 December 2026,NFO,EVE
110,2026-27,16,19 December 2026,SUN,CRY
111,2026-27,17,26 December 2026,AVL,LEE
112,2026-27,17,26 December 2026,COV,CHE
113,2026-27,17,26 December 2026,CRY,ARS
114,2026-27,17,26 December 2026,EVE,SUN
115,2026-27,17,26 December 2026,FUL,BHA
116,2026-27,17,26 December 2026,HUL,LIV
117,2026-27,17,26 December 2026,IPS,BRE
118,2026-27,17,26 December 2026,MUN,NFO
119,2026-27,17,26 December 2026,NEW,MCI
120,2026-27,17,26 December 2026,TOT,BOU
121,2026-27,18,30 December 2026,AVL,LIV
122,2026-27,18,30 December 2026,COV,BRE
123,2026-27,18,30 December 2026,CRY,BOU
124,2026-27,18,30 December 2026,EVE,MCI
125,2026-27,18,30 December 2026,FUL,ARS
126,2026-27,18,30 December 2026,HUL,LEE
127,2026-27,18,30 December 2026,IPS,CHE
128,2026-27,18,30 December 2026,MUN,SUN
129,2026-27,18,30 December 2026,NEW,NFO
130,2026-27,18,30 December 2026,TOT,BHA
131,2026-27,19,2 January 2027,BOU,AVL
132,2026-27,19,2 January 2027,ARS,IPS
133,2026-27,19,2 January 2027,BRE,CRY
134,2026-27,19,2 January 2027,BHA,MUN
135,2026-27,19,2 January 2027,CHE,NEW
136,2026-27,19,2 January 2027,LEE,EVE
137,2026-27,19,2 January 2027,LIV,COV
138,2026-27,19,2 January 2027,MCI,TOT
139,2026-27,19,2 January 2027,NFO,FUL
140,2026-27,19,2 January 2027,SUN,HUL
141,2026-27,20,6 January 2027,ARS,BRE
142,2026-27,20,6 January 2027,BHA,BOU
143,2026-27,20,6 January 2027,CRY,CHE
144,2026-27,20,6 January 2027,EVE,AVL
145,2026-27,20,6 January 2027,FUL,TOT
146,2026-27,20,6 January 2027,IPS,COV
147,2026-27,20,6 January 2027,LEE,MCI
148,2026-27,20,6 January 2027,MUN,NEW
149,2026-27,20,6 January 2027,NFO,HUL
150,2026-27,20,6 January 2027,SUN,LIV
151,2026-27,21,16 January 2027,BOU,IPS
152,2026-27,21,16 January 2027,AVL,MUN
153,2026-27,21,16 January 2027,BRE,BHA
154,2026-27,21,16 January 2027,CHE,SUN
155,2026-27,21,16 January 2027,COV,EVE
156,2026-27,21,16 January 2027,HUL,ARS
157,2026-27,21,16 January 2027,LIV,CRY
158,2026-27,21,16 January 2027,MCI,NFO
159,2026-27,21,16 January 2027,NEW,FUL
160,2026-27,21,16 January 2027,TOT,LEE
161,2026-27,22,23 January 2027,ARS,NEW
162,2026-27,22,23 January 2027,BHA,MCI
163,2026-27,22,23 January 2027,CRY,TOT
164,2026-27,22,23 January 2027,EVE,BRE
165,2026-27,22,23 January 2027,FUL,AVL
166,2026-27,22,23 January 2027,IPS,HUL
167,2026-27,22,23 January 2027,LEE,CHE
168,2026-27,22,23 January 2027,MUN,LIV
169,2026-27,22,23 January 2027,NFO,BOU
170,2026-27,22,23 January 2027,SUN,COV
171,2026-27,23,30 January 2027,BOU,FUL
172,2026-27,23,30 January 2027,AVL,IPS
173,2026-27,23,30 January 2027,BRE,MUN
174,2026-27,23,30 January 2027,CHE,NFO
175,2026-27,23,30 January 2027,COV,LEE
176,2026-27,23,30 January 2027,HUL,CRY
177,2026-27,23,30 January 2027,LIV,EVE
178,2026-27,23,30 January 2027,MCI,ARS
179,2026-27,23,30 January 2027,NEW,BHA
180,2026-27,23,30 January 2027,TOT,SUN
181,2026-27,24,6 February 2027,ARS,LIV
182,2026-27,24,6 February 2027,BHA,HUL
183,2026-27,24,6 February 2027,CRY,COV
184,2026-27,24,6 February 2027,EVE,NEW
185,2026-27,24,6 February 2027,FUL,MCI
186,2026-27,24,6 February 2027,IPS,TOT
187,2026-27,24,6 February 2027,LEE,BOU
188,2026-27,24,6 February 2027,MUN,CHE
189,2026-27,24,6 February 2027,NFO,BRE
190,2026-27,24,6 February 2027,SUN,AVL
191,2026-27,25,10 February 2027,AVL,BOU
192,2026-27,25,10 February 2027,COV,LIV
193,2026-27,25,10 February 2027,CRY,BRE
194,2026-27,25,10 February 2027,EVE,LEE
195,2026-27,25,10 February 2027,FUL,NFO
196,2026-27,25,10 February 2027,HUL,SUN
197,2026-27,25,10 February 2027,IPS,ARS
198,2026-27,25,10 February 2027,MUN,BHA
199,2026-27,25,10 February 2027,NEW,CHE
200,2026-27,25,10 February 2027,TOT,MCI
201,2026-27,26,20 February 2027,BOU,CRY
202,2026-27,26,20 February 2027,ARS,FUL
203,2026-27,26,20 February 2027,BRE,COV
204,2026-27,26,20 February 2027,BHA,TOT
205,2026-27,26,20 February 2027,CHE,IPS
206,2026-27,26,20 February 2027,LEE,AVL
207,2026-27,26,20 February 2027,LIV,HUL
208,2026-27,26,20 February 2027,MCI,NEW
209,2026-27,26,20 February 2027,NFO,MUN
210,2026-27,26,20 February 2027,SUN,EVE
211,2026-27,27,27 February 2027,AVL,CHE
212,2026-27,27,27 February 2027,COV,BOU
213,2026-27,27,27 February 2027,CRY,SUN
214,2026-27,27,27 February 2027,EVE,NFO
215,2026-27,27,27 February 2027,FUL,LEE
216,2026-27,27,27 February 2027,HUL,MCI
217,2026-27,27,27 February 2027,IPS,BHA
218,2026-27,27,27 February 2027,MUN,ARS
219,2026-27,27,27 February 2027,NEW,BRE
220,2026-27,27,27 February 2027,TOT,LIV
221,2026-27,28,3 March 2027,BOU,TOT
222,2026-27,28,3 March 2027,ARS,CRY
223,2026-27,28,3 March 2027,BRE,IPS
224,2026-27,28,3 March 2027,BHA,FUL
225,2026-27,28,3 March 2027,CHE,COV
226,2026-27,28,3 March 2027,LEE,HUL
227,2026-27,28,3 March 2027,LIV,AVL
228,2026-27,28,3 March 2027,MCI,EVE
229,2026-27,28,3 March 2027,NFO,NEW
230,2026-27,28,3 March 2027,SUN,MUN
231,2026-27,29,13 March 2027,BOU,NEW
232,2026-27,29,13 March 2027,AVL,HUL
233,2026-27,29,13 March 2027,CHE,ARS
234,2026-27,29,13 March 2027,COV,MCI
235,2026-27,29,13 March 2027,CRY,FUL
236,2026-27,29,13 March 2027,LEE,BHA
237,2026-27,29,13 March 2027,LIV,IPS
238,2026-27,29,13 March 2027,MUN,EVE
239,2026-27,29,13 March 2027,SUN,BRE
240,2026-27,29,13 March 2027,TOT,NFO
241,2026-27,30,20 March 2027,ARS,SUN
242,2026-27,30,20 March 2027,BRE,BOU
243,2026-27,30,20 March 2027,BHA,COV
244,2026-27,30,20 March 2027,EVE,TOT
245,2026-27,30,20 March 2027,FUL,LIV
246,2026-27,30,20 March 2027,HUL,CHE
247,2026-27,30,20 March 2027,IPS,CRY
248,2026-27,30,20 March 2027,MCI,MUN
249,2026-27,30,20 March 2027,NEW,LEE
250,2026-27,30,20 March 2027,NFO,AVL
251,2026-27,31,10 April 2027,BOU,MCI
252,2026-27,31,10 April 2027,AVL,BHA
253,2026-27,31,10 April 2027,CHE,FUL
254,2026-27,31,10 April 2027,COV,ARS
255,2026-27,31,10 April 2027,CRY,EVE
256,2026-27,31,10 April 2027,LEE,NFO
257,2026-27,31,10 April 2027,LIV,NEW
258,2026-27,31,10 April 2027,MUN,HUL
259,2026-27,31,10 April 2027,SUN,IPS
260,2026-27,31,10 April 2027,TOT,BRE
261,2026-27,32,17 April 2027,ARS,AVL
262,2026-27,32,17 April 2027,BRE,LEE
263,2026-27,32,17 April 2027,BHA,CHE
264,2026-27,32,17 April 2027,EVE,BOU
265,2026-27,32,17 April 2027,FUL,SUN
266,2026-27,32,17 April 2027,HUL,COV
267,2026-27,32,17 April 2027,IPS,MUN
268,2026-27,32,17 April 2027,MCI,CRY
269,2026-27,32,17 April 2027,NEW,TOT
270,2026-27,32,17 April 2027,NFO,LIV
271,2026-27,33,24 April 2027,BOU,ARS
272,2026-27,33,24 April 2027,AVL,COV
273,2026-27,33,24 April 2027,BRE,FUL
274,2026-27,33,24 April 2027,CHE,MCI
275,2026-27,33,24 April 2027,EVE,BHA
276,2026-27,33,24 April 2027,LEE,LIV
277,2026-27,33,24 April 2027,MUN,CRY
278,2026-27,33,24 April 2027,NEW,IPS
279,2026-27,33,24 April 2027,NFO,SUN
280,2026-27,33,24 April 2027,TOT,HUL
281,2026-27,34,1 May 2027,ARS,TOT
282,2026-27,34,1 May 2027,BHA,NFO
283,2026-27,34,1 May 2027,COV,MUN
284,2026-27,34,1 May 2027,CRY,AVL
285,2026-27,34,1 May 2027,FUL,EVE
286,2026-27,34,1 May 2027,HUL,BOU
287,2026-27,34,1 May 2027,IPS,LEE
288,2026-27,34,1 May 2027,LIV,CHE
289,2026-27,34,1 May 2027,MCI,BRE
290,2026-27,34,1 May 2027,SUN,NEW
291,2026-27,35,8 May 2027,BOU,MUN
292,2026-27,35,8 May 2027,BRE,AVL
293,2026-27,35,8 May 2027,BHA,SUN
294,2026-27,35,8 May 2027,EVE,HUL
295,2026-27,35,8 May 2027,FUL,IPS
296,2026-27,35,8 May 2027,LEE,ARS
297,2026-27,35,8 May 2027,MCI,LIV
298,2026-27,35,8 May 2027,NEW,COV
299,2026-27,35,8 May 2027,NFO,CRY
300,2026-27,35,8 May 2027,TOT,CHE
301,2026-27,36,15 May 2027,ARS,NFO
302,2026-27,36,15 May 2027,AVL,NEW
303,2026-27,36,15 May 2027,CHE,EVE
304,2026-27,36,15 May 2027,COV,TOT
305,2026-27,36,15 May 2027,CRY,BHA
306,2026-27,36,15 May 2027,HUL,FUL
307,2026-27,36,15 May 2027,IPS,MCI
308,2026-27,36,15 May 2027,LIV,BRE
309,2026-27,36,15 May 2027,MUN,LEE
310,2026-27,36,15 May 2027,SUN,BOU
311,2026-27,37,23 May 2027,BHA,LIV
312,2026-27,37,23 May 2027,BOU,CHE
313,2026-27,37,23 May 2027,BRE,HUL
314,2026-27,37,23 May 2027,EVE,ARS
315,2026-27,37,23 May 2027,FUL,COV
316,2026-27,37,23 May 2027,LEE,SUN
317,2026-27,37,23 May 2027,MCI,AVL
318,2026-27,37,23 May 2027,NEW,CRY
319,2026-27,37,23 May 2027,NFO,IPS
320,2026-27,37,23 May 2027,TOT,MUN
321,2026-27,38,30 May 2027,ARS,BHA
322,2026-27,38,30 May 2027,AVL,TOT
323,2026-27,38,30 May 2027,CHE,BRE
324,2026-27,38,30 May 2027,COV,NFO
325,2026-27,38,30 May 2027,CRY,LEE
326,2026-27,38,30 May 2027,HUL,NEW
327,2026-27,38,30 May 2027,IPS,EVE
328,2026-27,38,30 May 2027,LIV,BOU
329,2026-27,38,30 May 2027,MUN,FUL
330,2026-27,38,30 May 2027,SUN,MCI
