season,home,away,home_goals,away_goals,outcome
2025-26,ARS,AVL,4,1,H
2025-26,ARS,BOU,1,2,A
2025-26,ARS,BRE,2,0,H
2025-26,ARS,BHA,2,1,H
2025-26,ARS,BUR,1,0,H
2025-26,ARS,CHE,2,1,H
2025-26,ARS,CRY,1,0,H
2025-26,ARS,EVE,2,0,H
2025-26,ARS,FUL,3,0,H
2025-26,ARS,LEE,5,0,H
2025-26,ARS,LIV,0,0,D
2025-26,ARS,MCI,1,1,D
2025-26,ARS,MUN,2,3,A
2025-26,ARS,NEW,1,0,H
2025-26,ARS,NFO,3,0,H
2025-26,ARS,SUN,3,0,H
2025-26,ARS,TOT,4,1,H
2025-26,ARS,WHU,2,0,H
2025-26,ARS,WOL,2,1,H
2025-26,AVL,ARS,2,1,H
2025-26,AVL,BOU,4,0,H
2025-26,AVL,BRE,0,1,A
2025-26,AVL,BHA,1,0,H
2025-26,AVL,BUR,2,1,H
2025-26,AVL,CHE,1,4,A
2025-26,AVL,CRY,0,3,A
2025-26,AVL,EVE,0,1,A
2025-26,AVL,FUL,3,1,H
2025-26,AVL,LEE,1,1,D
2025-26,AVL,LIV,4,2,H
2025-26,AVL,MCI,1,0,H
2025-26,AVL,MUN,2,1,H
2025-26,AVL,NEW,0,0,D
2025-26,AVL,NFO,3,1,H
2025-26,AVL,SUN,4,3,H
2025-26,AVL,TOT,1,2,A
2025-26,AVL,WHU,2,0,H
2025-26,AVL,WOL,1,0,H
2025-26,BOU,ARS,2,3,A
2025-26,BOU,AVL,1,1,D
2025-26,BOU,BRE,0,0,D
2025-26,BOU,BHA,2,1,H
2025-26,BOU,BUR,1,1,D
2025-26,BOU,CHE,0,0,D
2025-26,BOU,CRY,3,0,H
2025-26,BOU,EVE,0,1,A
2025-26,BOU,FUL,3,1,H
2025-26,BOU,LEE,2,2,D
2025-26,BOU,LIV,3,2,H
2025-26,BOU,MCI,1,1,D
2025-26,BOU,MUN,2,2,D
2025-26,BOU,NEW,0,0,D
2025-26,BOU,NFO,2,0,H
2025-26,BOU,SUN,1,1,D
2025-26,BOU,TOT,3,2,H
2025-26,BOU,WHU,2,2,D
2025-26,BOU,WOL,1,0,H
2025-26,BRE,ARS,1,1,D
2025-26,BRE,AVL,1,0,H
2025-26,BRE,BOU,4,1,H
2025-26,BRE,BHA,0,2,A
2025-26,BRE,BUR,3,1,H
2025-26,BRE,CHE,2,2,D
2025-26,BRE,CRY,2,2,D
2025-26,BRE,EVE,2,2,D
2025-26,BRE,FUL,0,0,D
2025-26,BRE,LEE,1,1,D
2025-26,BRE,LIV,3,2,H
2025-26,BRE,MCI,0,1,A
2025-26,BRE,MUN,3,1,H
2025-26,BRE,NEW,3,1,H
2025-26,BRE,NFO,0,2,A
2025-26,BRE,SUN,3,0,H
2025-26,BRE,TOT,0,0,D
2025-26,BRE,WHU,3,0,H
2025-26,BRE,WOL,2,2,D
2025-26,BHA,ARS,0,1,A
2025-26,BHA,AVL,3,4,A
2025-26,BHA,BOU,1,1,D
2025-26,BHA,BRE,2,1,H
2025-26,BHA,BUR,2,0,H
2025-26,BHA,CHE,3,0,H
2025-26,BHA,CRY,0,1,A
2025-26,BHA,EVE,1,1,D
2025-26,BHA,FUL,1,1,D
2025-26,BHA,LEE,3,0,H
2025-26,BHA,LIV,2,1,H
2025-26,BHA,MCI,2,1,H
2025-26,BHA,MUN,0,3,A
2025-26,BHA,NEW,2,1,H
2025-26,BHA,NFO,2,1,H
2025-26,BHA,SUN,0,0,D
2025-26,BHA,TOT,2,2,D
2025-26,BHA,WHU,1,1,D
2025-26,BHA,WOL,3,0,H
2025-26,BUR,ARS,0,2,A
2025-26,BUR,AVL,2,2,D
2025-26,BUR,BOU,0,0,D
2025-26,BUR,BRE,3,4,A
2025-26,BUR,BHA,0,2,A
2025-26,BUR,CHE,0,2,A
2025-26,BUR,CRY,0,1,A
2025-26,BUR,EVE,0,0,D
2025-26,BUR,FUL,2,3,A
2025-26,BUR,LEE,2,0,H
2025-26,BUR,LIV,0,1,A
2025-26,BUR,MCI,0,1,A
2025-26,BUR,MUN,2,2,D
2025-26,BUR,NEW,1,3,A
2025-26,BUR,NFO,1,1,D
2025-26,BUR,SUN,2,0,H
2025-26,BUR,TOT,2,2,D
2025-26,BUR,WHU,0,2,A
2025-26,BUR,WOL,1,1,D
2025-26,CHE,ARS,1,1,D
2025-26,CHE,AVL,1,2,A
2025-26,CHE,BOU,2,2,D
2025-26,CHE,BRE,2,0,H
2025-26,CHE,BHA,1,3,A
2025-26,CHE,BUR,1,1,D
2025-26,CHE,CRY,0,0,D
2025-26,CHE,EVE,2,0,H
2025-26,CHE,FUL,2,0,H
2025-26,CHE,LEE,2,2,D
2025-26,CHE,LIV,2,1,H
2025-26,CHE,MCI,0,3,A
2025-26,CHE,MUN,0,1,A
2025-26,CHE,NEW,0,1,A
2025-26,CHE,NFO,1,3,A
2025-26,CHE,SUN,1,2,A
2025-26,CHE,TOT,2,1,H
2025-26,CHE,WHU,3,2,H
2025-26,CHE,WOL,3,0,H
2025-26,CRY,ARS,1,2,A
2025-26,CRY,AVL,0,0,D
2025-26,CRY,BOU,3,3,D
2025-26,CRY,BRE,2,0,H
2025-26,CRY,BHA,0,0,D
2025-26,CRY,BUR,2,3,A
2025-26,CRY,CHE,1,3,A
2025-26,CRY,EVE,2,2,D
2025-26,CRY,FUL,1,1,D
2025-26,CRY,LEE,0,0,D
2025-26,CRY,LIV,2,1,H
2025-26,CRY,MCI,0,3,A
2025-26,CRY,MUN,1,2,A
2025-26,CRY,NEW,2,1,H
2025-26,CRY,NFO,1,1,D
2025-26,CRY,SUN,0,0,D
2025-26,CRY,TOT,0,1,A
2025-26,CRY,WHU,0,0,D
2025-26,CRY,WOL,1,0,H
2025-26,EVE,ARS,0,1,A
2025-26,EVE,AVL,0,0,D
2025-26,EVE,BOU,1,2,A
2025-26,EVE,BRE,2,4,A
2025-26,EVE,BHA,2,0,H
2025-26,EVE,BUR,2,0,H
2025-26,EVE,CHE,3,0,H
2025-26,EVE,CRY,2,1,H
2025-26,EVE,FUL,2,0,H
2025-26,EVE,LEE,1,1,D
2025-26,EVE,LIV,1,2,A
2025-26,EVE,MCI,3,3,D
2025-26,EVE,MUN,0,1,A
2025-26,EVE,NEW,1,4,A
2025-26,EVE,NFO,3,0,H
2025-26,EVE,SUN,1,3,A
2025-26,EVE,TOT,0,3,A
2025-26,EVE,WHU,1,1,D
2025-26,EVE,WOL,1,1,D
2025-26,FUL,ARS,0,1,A
2025-26,FUL,AVL,1,0,H
2025-26,FUL,BOU,0,1,A
2025-26,FUL,BRE,3,1,H
2025-26,FUL,BHA,2,1,H
2025-26,FUL,BUR,3,1,H
2025-26,FUL,CHE,2,1,H
2025-26,FUL,CRY,1,2,A
2025-26,FUL,EVE,1,2,A
2025-26,FUL,LEE,1,0,H
2025-26,FUL,LIV,2,2,D
2025-26,FUL,MCI,4,5,A
2025-26,FUL,MUN,1,1,D
2025-26,FUL,NEW,2,0,H
2025-26,FUL,NFO,1,0,H
2025-26,FUL,SUN,1,0,H
2025-26,FUL,TOT,2,1,H
2025-26,FUL,WHU,0,1,A
2025-26,FUL,WOL,3,0,H
2025-26,LEE,ARS,0,4,A
2025-26,LEE,AVL,1,2,A
2025-26,LEE,BOU,2,2,D
2025-26,LEE,BRE,0,0,D
2025-26,LEE,BHA,1,0,H
2025-26,LEE,BUR,3,1,H
2025-26,LEE,CHE,3,1,H
2025-26,LEE,CRY,4,1,H
2025-26,LEE,EVE,1,0,H
2025-26,LEE,FUL,1,0,H
2025-26,LEE,LIV,3,3,D
2025-26,LEE,MCI,0,1,A
2025-26,LEE,MUN,1,1,D
2025-26,LEE,NEW,0,0,D
2025-26,LEE,NFO,3,1,H
2025-26,LEE,SUN,0,1,A
2025-26,LEE,TOT,1,2,A
2025-26,LEE,WHU,2,1,H
2025-26,LEE,WOL,3,0,H
2025-26,LIV,ARS,1,0,H
2025-26,LIV,AVL,2,0,H
2025-26,LIV,BOU,4,2,H
2025-26,LIV,BRE,1,1,D
2025-26,LIV,BHA,2,0,H
2025-26,LIV,BUR,1,1,D
2025-26,LIV,CHE,1,1,D
2025-26,LIV,CRY,3,1,H
2025-26,LIV,EVE,2,1,H
2025-26,LIV,FUL,2,0,H
2025-26,LIV,LEE,0,0,D
2025-26,LIV,MCI,1,2,A
2025-26,LIV,MUN,1,2,A
2025-26,LIV,NEW,4,1,H
2025-26,LIV,NFO,0,3,A
2025-26,LIV,SUN,1,1,D
2025-26,LIV,TOT,1,1,D
2025-26,LIV,WHU,5,2,H
2025-26,LIV,WOL,2,1,H
2025-26,MCI,ARS,2,1,H
2025-26,MCI,AVL,1,2,A
2025-26,MCI,BOU,3,1,H
2025-26,MCI,BRE,3,0,H
2025-26,MCI,BHA,1,1,D
2025-26,MCI,BUR,5,1,H
2025-26,MCI,CHE,1,1,D
2025-26,MCI,CRY,3,0,H
2025-26,MCI,EVE,2,0,H
2025-26,MCI,FUL,3,0,H
2025-26,MCI,LEE,3,2,H
2025-26,MCI,LIV,3,0,H
2025-26,MCI,MUN,3,0,H
2025-26,MCI,NEW,2,1,H
2025-26,MCI,NFO,2,2,D
2025-26,MCI,SUN,3,0,H
2025-26,MCI,TOT,0,2,A
2025-26,MCI,WHU,3,0,H
2025-26,MCI,WOL,2,0,H
2025-26,MUN,ARS,0,1,A
2025-26,MUN,AVL,3,1,H
2025-26,MUN,BOU,4,4,D
2025-26,MUN,BRE,2,1,H
2025-26,MUN,BHA,4,2,H
2025-26,MUN,BUR,3,2,H
2025-26,MUN,CHE,2,1,H
2025-26,MUN,CRY,2,1,H
2025-26,MUN,EVE,0,1,A
2025-26,MUN,FUL,3,2,H
2025-26,MUN,LEE,1,2,A
2025-26,MUN,LIV,3,2,H
2025-26,MUN,MCI,2,0,H
2025-26,MUN,NEW,1,0,H
2025-26,MUN,NFO,3,2,H
2025-26,MUN,SUN,2,0,H
2025-26,MUN,TOT,2,0,H
2025-26,MUN,WHU,1,1,D
2025-26,MUN,WOL,1,1,D
2025-26,NEW,ARS,1,2,A
2025-26,NEW,AVL,0,2,A
2025-26,NEW,BOU,1,2,A
2025-26,NEW,BRE,2,3,A
2025-26,NEW,BHA,3,1,H
2025-26,NEW,BUR,2,1,H
2025-26,NEW,CHE,2,2,D
2025-26,NEW,CRY,2,0,H
2025-26,NEW,EVE,2,3,A
2025-26,NEW,FUL,2,1,H
2025-26,NEW,LEE,4,3,H
2025-26,NEW,LIV,2,3,A
2025-26,NEW,MCI,2,1,H
2025-26,NEW,MUN,2,1,H
2025-26,NEW,NFO,2,0,H
2025-26,NEW,SUN,1,2,A
2025-26,NEW,TOT,2,2,D
2025-26,NEW,WHU,3,1,H
2025-26,NEW,WOL,1,0,H
2025-26,NFO,ARS,0,0,D
2025-26,NFO,AVL,1,1,D
2025-26,NFO,BOU,1,1,D
2025-26,NFO,BRE,3,1,H
2025-26,NFO,BHA,0,2,A
2025-26,NFO,BUR,4,1,H
2025-26,NFO,CHE,0,3,A
2025-26,NFO,CRY,1,1,D
2025-26,NFO,EVE,0,2,A
2025-26,NFO,FUL,0,0,D
2025-26,NFO,LEE,3,1,H
2025-26,NFO,LIV,0,1,A
2025-26,NFO,MCI,1,2,A
2025-26,NFO,MUN,2,2,D
2025-26,NFO,NEW,1,1,D
2025-26,NFO,SUN,0,1,A
2025-26,NFO,TOT,3,0,H
2025-26,NFO,WHU,0,3,A
2025-26,NFO,WOL,0,0,D
2025-26,SUN,ARS,2,2,D
2025-26,SUN,AVL,1,1,D
2025-26,SUN,BOU,3,2,H
2025-26,SUN,BRE,2,1,H
2025-26,SUN,BHA,0,1,A
2025-26,SUN,BUR,3,0,H
2025-26,SUN,CHE,2,1,H
2025-26,SUN,CRY,2,1,H
2025-26,SUN,EVE,1,1,D
2025-26,SUN,FUL,1,3,A
2025-26,SUN,LEE,1,1,D
2025-26,SUN,LIV,0,1,A
2025-26,SUN,MCI,0,0,D
2025-26,SUN,MUN,0,0,D
2025-26,SUN,NEW,1,0,H
2025-26,SUN,NFO,0,5,A
2025-26,SUN,TOT,1,0,H
2025-26,SUN,WHU,3,0,H
2025-26,SUN,WOL,2,0,H
2025-26,TOT,ARS,1,4,A
2025-26,TOT,AVL,1,2,A
2025-26,TOT,BOU,0,1,A
2025-26,TOT,BRE,2,0,H
2025-26,TOT,BHA,2,2,D
2025-26,TOT,BUR,3,0,H
2025-26,TOT,CHE,0,1,A
2025-26,TOT,CRY,1,3,A
2025-26,TOT,EVE,1,0,H
2025-26,TOT,FUL,1,2,A
2025-26,TOT,LEE,1,1,D
2025-26,TOT,LIV,1,2,A
2025-26,TOT,MCI,2,2,D
2025-26,TOT,MUN,2,2,D
2025-26,TOT,NEW,1,2,A
2025-26,TOT,NFO,0,3,A
2025-26,TOT,SUN,1,1,D
2025-26,TOT,WHU,1,2,A
2025-26,TOT,WOL,1,1,D
2025-26,WHU,ARS,0,1,A
2025-26,WHU,AVL,2,3,A
2025-26,WHU,BOU,0,0,D
2025-26,WHU,BRE,0,2,A
2025-26,WHU,BHA,2,2,D
2025-26,WHU,BUR,3,2,H
2025-26,WHU,CHE,1,5,A
2025-26,WHU,CRY,1,2,A
2025-26,WHU,EVE,2,1,H
2025-26,WHU,FUL,0,1,A
2025-26,WHU,LEE,3,0,H
2025-26,WHU,LIV,0,2,A
2025-26,WHU,MCI,1,1,D
2025-26,WHU,MUN,1,1,D
2025-26,WHU,NEW,3,1,H
2025-26,WHU,NFO,1,2,A
2025-26,WHU,SUN,3,1,H
2025-26,WHU,TOT,0,3,A
2025-26,WHU,WOL,4,0,H
2025-26,WOL,ARS,2,2,D
2025-26,WOL,AVL,2,0,H
2025-26,WOL,BOU,0,2,A
2025-26,WOL,BRE,0,2,A
2025-26,WOL,BHA,1,1,D
2025-26,WOL,BUR,2,3,A
2025-26,WOL,CHE,1,3,A
2025-26,WOL,CRY,0,2,A
2025-26,WOL,EVE,2,3,A
2025-26,WOL,FUL,1,1,D
2025-26,WOL,LEE,1,3,A
2025-26,WOL,LIV,2,1,H
2025-26,WOL,MCI,0,4,A
2025-26,WOL,MUN,1,4,A
2025-26,WOL,NEW,0,0,D
2025-26,WOL,NFO,0,1,A
2025-26,WOL,SUN,1,1,D
2025-26,WOL,TOT,0,1,A
2025-26,WOL,WHU,3,0,H
