season,gw,home,away,home_goals,away_goals,outcome
2026-27,1,ARS,CHE,2,1,H
2026-27,1,BHA,AVL,4,0,H
2026-27,1,BOU,BRE,2,2,D
2026-27,1,EVE,CRY,2,0,H
2026-27,1,HUL,MUN,2,0,H
2026-27,1,IPS,LIV,0,2,A
2026-27,1,LEE,NEW,4,1,H
2026-27,1,MCI,BOU,2,1,H
2026-27,1,NFO,COV,0,1,A
2026-27,1,SUN,FUL,1,0,H
2026-27,2,AVL,ARS,0,1,A
2026-27,2,BOU,EVE,1,1,D
2026-27,2,BRE,CHE,3,0,H
2026-27,2,COV,HUL,0,1,A
2026-27,2,CRY,IPS,2,3,A
2026-27,2,FUL,MUN,1,1,D
2026-27,2,LIV,NFO,2,2,D
2026-27,2,MCI,COV,1,0,H
2026-27,2,NFO,LEE,0,1,A
2026-27,2,TOT,NEW,0,2,A
2026-27,3,ARS,COV,3,0,H
2026-27,3,BHA,LEE,1,1,D
2026-27,3,BRE,SUN,1,1,D
2026-27,3,CHE,HUL,2,2,D
2026-27,3,CRY,MCI,1,4,A
2026-27,3,LIV,FUL,0,0,D
2026-27,3,MUN,IPS,5,2,H
2026-27,3,NEW,BOU,2,2,D
2026-27,3,NFO,TOT,0,0,D
2026-27,3,TOT,AVL,2,3,A
2026-27,4,AVL,NFO,1,2,A
2026-27,4,BHA,ARS,3,0,H
2026-27,4,BOU,LIV,0,1,A
2026-27,4,COV,BHA,0,5,A
2026-27,4,EVE,IPS,1,0,H
2026-27,4,FUL,CHE,2,3,A
2026-27,4,LEE,BRE,1,1,D
2026-27,4,MUN,MCI,0,1,A
2026-27,4,NEW,HUL,2,1,H
2026-27,4,TOT,EVE,0,0,D
2026-27,5,BRE,TOT,3,0,H
2026-27,5,CHE,BHA,4,3,H
2026-27,5,EVE,MUN,2,2,D
2026-27,5,FUL,CRY,2,3,A
2026-27,5,HUL,AVL,0,0,D
2026-27,5,IPS,SUN,2,1,H
2026-27,5,LEE,CRY,0,0,D
2026-27,5,MCI,SUN,5,3,H
2026-27,5,NEW,LIV,2,2,D
2026-27,5,SUN,ARS,0,2,A
