player_id,name,club,pos,nation,goals_curr,assists_curr,cs_curr,mins_curr,goals_prev,assists_prev,xg_90,xa_90,pen_share,shot_conv,kp_90,mins_prob,cs_prev,gk_psxg_diff,save_pct,goals_prev_verified,assists_prev_verified
haaland,Erling Haaland,MCI,FWD,NOR,5,1,0,450,27,8,0.88,0.14,0.9,0.25,1.1,0.92,0.0,0.0,0.0,True,True
isak,Alexander Isak,LIV,FWD,SWE,4,1,0,415,19,5,0.68,0.16,0.75,0.23,1.4,0.86,0.0,0.0,0.0,False,False
saka,Bukayo Saka,ARS,FWD,ENG,3,2,0,419,16,14,0.52,0.38,0.8,0.19,2.7,0.91,0.0,0.0,0.0,False,False
joao_pedro,João Pedro,CHE,FWD,BRA,3,3,0,360,15,7,0.54,0.26,0.45,0.2,1.9,0.85,0.0,0.0,0.0,True,False
palmer,Cole Palmer,CHE,MID,ENG,2,2,0,443,16,12,0.5,0.36,0.55,0.18,2.6,0.92,0.0,0.0,0.0,False,False
gyokeres,Viktor Gyökeres,ARS,FWD,SWE,2,1,0,390,14,6,0.58,0.18,0.2,0.21,1.3,0.84,0.0,0.0,0.0,True,False
bruno,Bruno Fernandes,MUN,MID,POR,3,1,0,450,13,21,0.42,0.39,0.85,0.16,3.1,0.95,0.0,0.0,0.0,False,True
cherki,Rayan Cherki,MCI,MID,FRA,3,2,0,306,10,12,0.38,0.41,0.05,0.18,2.9,0.8,0.0,0.0,0.0,False,True
semenyo,Antoine Semenyo,MCI,FWD,GHA,2,3,0,450,17,8,0.46,0.31,0.05,0.19,2.1,0.86,0.0,0.0,0.0,True,False
gross,Pascal Groß,BHA,MID,GER,3,3,0,450,8,12,0.32,0.38,0.65,0.17,3.0,0.9,0.0,0.0,0.0,False,False
dcl,Dominic Calvert-Lewin,LEE,FWD,ENG,3,1,0,421,14,4,0.51,0.11,0.75,0.19,0.9,0.84,0.0,0.0,0.0,True,False
rogers,Morgan Rogers,CHE,MID,ENG,3,1,0,439,11,9,0.39,0.25,0.0,0.18,1.9,0.88,0.0,0.0,0.0,False,False
schade,Kevin Schade,BRE,FWD,GER,3,1,0,448,12,6,0.45,0.19,0.2,0.2,1.4,0.88,0.0,0.0,0.0,False,False
igor_thiago,Igor Thiago,BRE,FWD,BRA,2,1,0,410,22,4,0.56,0.13,0.75,0.21,1.0,0.87,0.0,0.0,0.0,True,False
watkins,Ollie Watkins,AVL,FWD,ENG,2,1,0,435,16,8,0.52,0.2,0.5,0.19,1.5,0.9,0.0,0.0,0.0,True,False
brobbey,Brian Brobbey,SUN,FWD,NED,3,0,0,401,11,3,0.44,0.1,0.6,0.18,0.9,0.84,0.0,0.0,0.0,False,False
tavernier,Marcus Tavernier,BOU,MID,ENG,3,1,0,427,8,7,0.31,0.22,0.15,0.16,1.8,0.88,0.0,0.0,0.0,False,False
gakpo,Cody Gakpo,LIV,FWD,NED,1,3,0,410,12,9,0.41,0.3,0.1,0.17,2.2,0.85,0.0,0.0,0.0,False,False
wirtz,Florian Wirtz,LIV,MID,GER,1,1,0,420,11,13,0.36,0.37,0.1,0.17,2.8,0.88,0.0,0.0,0.0,False,False
odegaard,Martin Ødegaard,ARS,MID,NOR,2,1,0,382,10,12,0.31,0.36,0.15,0.16,2.9,0.89,0.0,0.0,0.0,False,False
havertz,Kai Havertz,ARS,FWD,GER,2,1,0,438,13,7,0.44,0.21,0.05,0.18,1.5,0.87,0.0,0.0,0.0,False,False
rice,Declan Rice,ARS,MID,ENG,1,2,0,450,7,10,0.18,0.26,0.0,0.14,2.1,0.95,0.0,0.0,0.0,False,False
foden,Phil Foden,MCI,MID,ENG,1,2,0,340,14,10,0.43,0.32,0.05,0.19,2.4,0.84,0.0,0.0,0.0,False,False
mbeumo,Bryan Mbeumo,MUN,FWD,CMR,2,1,0,450,14,8,0.45,0.25,0.15,0.18,1.9,0.9,0.0,0.0,0.0,False,False
mgw,Morgan Gibbs-White,NFO,MID,ENG,1,2,0,450,15,10,0.38,0.29,0.7,0.18,2.5,0.92,0.0,0.0,0.0,True,False
evanilson,Evanilson,BOU,FWD,BRA,1,3,0,420,12,6,0.44,0.22,0.4,0.18,1.5,0.87,0.0,0.0,0.0,False,False
kamada,Daichi Kamada,CRY,MID,JPN,1,3,0,415,6,8,0.22,0.27,0.0,0.15,2.1,0.86,0.0,0.0,0.0,False,False
barnes,Harvey Barnes,NEW,FWD,ENG,2,2,0,410,11,7,0.4,0.23,0.1,0.18,1.7,0.84,0.0,0.0,0.0,False,False
elanga,Anthony Elanga,NEW,FWD,SWE,2,1,0,360,10,9,0.36,0.28,0.0,0.17,1.9,0.83,0.0,0.0,0.0,False,False
belloumi,Mohamed Belloumi,HUL,FWD,ALG,2,2,0,398,12,9,0.33,0.24,0.3,0.17,1.8,0.86,0.0,0.0,0.0,False,False
enciso,Julio Enciso,IPS,MID,PAR,1,2,0,410,8,7,0.31,0.25,0.4,0.15,2.0,0.85,0.0,0.0,0.0,False,False
kostoulas,Charalampos Kostoulas,BHA,FWD,GRE,2,1,0,356,9,4,0.45,0.18,0.15,0.19,1.4,0.82,0.0,0.0,0.0,False,False
raya,David Raya,ARS,GK,ESP,0,0,3,450,0,0,0.0,0.0,0.0,0.0,0.0,0.98,19.0,4.2,76.8,False,False
donnarumma,Gianluigi Donnarumma,MCI,GK,ITA,0,0,2,450,0,0,0.0,0.0,0.0,0.0,0.0,0.97,15.0,3.8,75.4,False,False
alisson,Alisson Becker,LIV,GK,BRA,0,0,3,450,0,0,0.0,0.0,0.0,0.0,0.0,0.93,11.0,3.5,74.9,False,False
pickford,Jordan Pickford,EVE,GK,ENG,0,0,3,450,0,0,0.0,0.0,0.0,0.0,0.0,0.99,11.0,3.1,73.8,False,False
verbruggen,Bart Verbruggen,BHA,GK,NED,0,0,3,450,0,0,0.0,0.0,0.0,0.0,0.0,0.96,10.0,2.4,72.9,False,False
tzolakis,Konstantinos Tzolakis,HUL,GK,GRE,0,0,3,450,0,0,0.0,0.0,0.0,0.0,0.0,0.96,12.0,2.9,74.1,False,False
kelleher,Caoimhín Kelleher,BRE,GK,IRL,0,0,2,450,0,0,0.0,0.0,0.0,0.0,0.0,0.96,10.0,2.1,72.4,False,False
trafford,James Trafford,LEE,GK,ENG,0,0,2,450,0,0,0.0,0.0,0.0,0.0,0.0,0.96,9.0,1.9,71.8,False,False
kinsky,Antonín Kinský,TOT,GK,CZE,0,0,2,450,0,0,0.0,0.0,0.0,0.0,0.0,0.95,7.0,1.1,70.2,False,False
sels,Matz Sels,NFO,GK,BEL,0,0,1,450,0,0,0.0,0.0,0.0,0.0,0.0,0.96,9.0,1.5,71.2,False,False
henderson,Dean Henderson,CRY,GK,ENG,0,0,1,450,0,0,0.0,0.0,0.0,0.0,0.0,0.95,11.0,1.8,71.5,False,False
sanchez,Robert Sánchez,CHE,GK,ESP,0,0,0,450,0,0,0.0,0.0,0.0,0.0,0.0,0.94,9.0,0.4,69.1,False,False
onana,André Onana,MUN,GK,CMR,0,0,0,450,0,0,0.0,0.0,0.0,0.0,0.0,0.96,9.0,1.2,70.8,False,False
hornicek,Lukáš Horníček,NEW,GK,CZE,0,0,1,450,0,0,0.0,0.0,0.0,0.0,0.0,0.94,8.0,0.9,70.0,False,False
suzuki,Zion Suzuki,AVL,GK,JPN,0,0,1,450,0,0,0.0,0.0,0.0,0.0,0.0,0.95,8.0,0.8,69.8,False,False
petrovic,Đorđe Petrović,BOU,GK,SRB,0,0,0,450,0,0,0.0,0.0,0.0,0.0,0.0,0.95,11.0,1.6,71.4,False,False
leno,Bernd Leno,FUL,GK,GER,0,0,1,450,0,0,0.0,0.0,0.0,0.0,0.0,0.97,9.0,1.4,71.0,False,False
roefs,Robin Roefs,SUN,GK,NED,0,0,1,450,0,0,0.0,0.0,0.0,0.0,0.0,0.95,10.0,1.0,70.1,False,False
rushworth,Carl Rushworth,COV,GK,ENG,0,1,1,450,0,0,0.0,0.0,0.0,0.0,0.0,0.95,14.0,0.2,68.4,False,False
muric,Arijanet Muric,IPS,GK,KOS,0,0,0,450,0,0,0.0,0.0,0.0,0.0,0.0,0.94,12.0,-0.3,67.8,False,False
