player,player_id,club,competition,competition_id,minutes,starts,appearances,goals,assists,rating,yellow,red,season,source,fetched_at
David Raya,raya,ARS,Premier League,,450,0,0,0,0,,0,0,2026-27,project-dataset,2026-10-04T20:53:09+00:00
Declan Rice,rice,ARS,Premier League,,450,0,0,1,2,,0,0,2026-27,project-dataset,2026-10-04T20:53:09+00:00
Kai Havertz,havertz,ARS,Premier League,,438,0,0,2,1,,0,0,2026-27,project-dataset,2026-10-04T20:53:09+00:00
Bukayo Saka,saka,ARS,Premier League,,419,0,0,3,2,,0,0,2026-27,project-dataset,2026-10-04T20:53:09+00:00
Viktor Gyökeres,gyokeres,ARS,Premier League,,390,0,0,2,1,,0,0,2026-27,project-dataset,2026-10-04T20:53:09+00:00
Martin Ødegaard,odegaard,ARS,Premier League,,382,0,0,2,1,,0,0,2026-27,project-dataset,2026-10-04T20:53:09+00:00
Zion Suzuki,suzuki,AVL,Premier League,,450,0,0,0,0,,0,0,2026-27,project-dataset,2026-10-04T20:53:09+00:00
Ollie Watkins,watkins,AVL,Premier League,,435,0,0,2,1,,0,0,2026-27,project-dataset,2026-10-04T20:53:09+00:00
Bart Verbruggen,verbruggen,BHA,Premier League,,450,0,0,0,0,,0,0,2026-27,project-dataset,2026-10-04T20:53:09+00:00
Pascal Groß,gross,BHA,Premier League,,450,0,0,3,3,,0,0,2026-27,project-dataset,2026-10-04T20:53:09+00:00
Charalampos Kostoulas,kostoulas,BHA,Premier League,,356,0,0,2,1,,0,0,2026-27,project-dataset,2026-10-04T20:53:09+00:00
Đorđe Petrović,petrovic,BOU,Premier League,,450,0,0,0,0,,0,0,2026-27,project-dataset,2026-10-04T20:53:09+00:00
Marcus Tavernier,tavernier,BOU,Premier League,,427,0,0,3,1,,0,0,2026-27,project-dataset,2026-10-04T20:53:09+00:00
Evanilson,evanilson,BOU,Premier League,,420,0,0,1,3,,0,0,2026-27,project-dataset,2026-10-04T20:53:09+00:00
Caoimhín Kelleher,kelleher,BRE,Premier League,,450,0,0,0,0,,0,0,2026-27,project-dataset,2026-10-04T20:53:09+00:00
Kevin Schade,schade,BRE,Premier League,,448,0,0,3,1,,0,0,2026-27,project-dataset,2026-10-04T20:53:09+00:00
Igor Thiago,igor_thiago,BRE,Premier League,,410,0,0,2,1,,0,0,2026-27,project-dataset,2026-10-04T20:53:09+00:00
Robert Sánchez,sanchez,CHE,Premier League,,450,0,0,0,0,,0,0,2026-27,project-dataset,2026-10-04T20:53:09+00:00
Cole Palmer,palmer,CHE,Premier League,,443,0,0,2,2,,0,0,2026-27,project-dataset,2026-10-04T20:53:09+00:00
Morgan Rogers,rogers,CHE,Premier League,,439,0,0,3,1,,0,0,2026-27,project-dataset,2026-10-04T20:53:09+00:00
João Pedro,joao_pedro,CHE,Premier League,,360,0,0,3,3,,0,0,2026-27,project-dataset,2026-10-04T20:53:09+00:00
Carl Rushworth,rushworth,COV,Premier League,,450,0,0,0,1,,0,0,2026-27,project-dataset,2026-10-04T20:53:09+00:00
Dean Henderson,henderson,CRY,Premier League,,450,0,0,0,0,,0,0,2026-27,project-dataset,2026-10-04T20:53:09+00:00
Daichi Kamada,kamada,CRY,Premier League,,415,0,0,1,3,,0,0,2026-27,project-dataset,2026-10-04T20:53:09+00:00
Jordan Pickford,pickford,EVE,Premier League,,450,0,0,0,0,,0,0,2026-27,project-dataset,2026-10-04T20:53:09+00:00
Bernd Leno,leno,FUL,Premier League,,450,0,0,0,0,,0,0,2026-27,project-dataset,2026-10-04T20:53:09+00:00
Konstantinos Tzolakis,tzolakis,HUL,Premier League,,450,0,0,0,0,,0,0,2026-27,project-dataset,2026-10-04T20:53:09+00:00
Mohamed Belloumi,belloumi,HUL,Premier League,,398,0,0,2,2,,0,0,2026-27,project-dataset,2026-10-04T20:53:09+00:00
Arijanet Muric,muric,IPS,Premier League,,450,0,0,0,0,,0,0,2026-27,project-dataset,2026-10-04T20:53:09+00:00
Julio Enciso,enciso,IPS,Premier League,,410,0,0,1,2,,0,0,2026-27,project-dataset,2026-10-04T20:53:09+00:00
James Trafford,trafford,LEE,Premier League,,450,0,0,0,0,,0,0,2026-27,project-dataset,2026-10-04T20:53:09+00:00
Dominic Calvert-Lewin,dcl,LEE,Premier League,,421,0,0,3,1,,0,0,2026-27,project-dataset,2026-10-04T20:53:09+00:00
Alisson Becker,alisson,LIV,Premier League,,450,0,0,0,0,,0,0,2026-27,project-dataset,2026-10-04T20:53:09+00:00
Florian Wirtz,wirtz,LIV,Premier League,,420,0,0,1,1,,0,0,2026-27,project-dataset,2026-10-04T20:53:09+00:00
Alexander Isak,isak,LIV,Premier League,,415,0,0,4,1,,0,0,2026-27,project-dataset,2026-10-04T20:53:09+00:00
Cody Gakpo,gakpo,LIV,Premier League,,410,0,0,1,3,,0,0,2026-27,project-dataset,2026-10-04T20:53:09+00:00
Antoine Semenyo,semenyo,MCI,Premier League,,450,0,0,2,3,,0,0,2026-27,project-dataset,2026-10-04T20:53:09+00:00
Erling Haaland,haaland,MCI,Premier League,,450,0,0,5,1,,0,0,2026-27,project-dataset,2026-10-04T20:53:09+00:00
Gianluigi Donnarumma,donnarumma,MCI,Premier League,,450,0,0,0,0,,0,0,2026-27,project-dataset,2026-10-04T20:53:09+00:00
Phil Foden,foden,MCI,Premier League,,340,0,0,1,2,,0,0,2026-27,project-dataset,2026-10-04T20:53:09+00:00
Rayan Cherki,cherki,MCI,Premier League,,306,0,0,3,2,,0,0,2026-27,project-dataset,2026-10-04T20:53:09+00:00
André Onana,onana,MUN,Premier League,,450,0,0,0,0,,0,0,2026-27,project-dataset,2026-10-04T20:53:09+00:00
Bruno Fernandes,bruno,MUN,Premier League,,450,0,0,3,1,,0,0,2026-27,project-dataset,2026-10-04T20:53:09+00:00
Bryan Mbeumo,mbeumo,MUN,Premier League,,450,0,0,2,1,,0,0,2026-27,project-dataset,2026-10-04T20:53:09+00:00
Lukáš Horníček,hornicek,NEW,Premier League,,450,0,0,0,0,,0,0,2026-27,project-dataset,2026-10-04T20:53:09+00:00
Harvey Barnes,barnes,NEW,Premier League,,410,0,0,2,2,,0,0,2026-27,project-dataset,2026-10-04T20:53:09+00:00
Anthony Elanga,elanga,NEW,Premier League,,360,0,0,2,1,,0,0,2026-27,project-dataset,2026-10-04T20:53:09+00:00
Matz Sels,sels,NFO,Premier League,,450,0,0,0,0,,0,0,2026-27,project-dataset,2026-10-04T20:53:09+00:00
Morgan Gibbs-White,mgw,NFO,Premier League,,450,0,0,1,2,,0,0,2026-27,project-dataset,2026-10-04T20:53:09+00:00
Robin Roefs,roefs,SUN,Premier League,,450,0,0,0,0,,0,0,2026-27,project-dataset,2026-10-04T20:53:09+00:00
Brian Brobbey,brobbey,SUN,Premier League,,401,0,0,3,0,,0,0,2026-27,project-dataset,2026-10-04T20:53:09+00:00
Antonín Kinský,kinsky,TOT,Premier League,,450,0,0,0,0,,0,0,2026-27,project-dataset,2026-10-04T20:53:09+00:00
