code,name,short,manager,stadium,primary_color,europe,current_pos,curr_p,curr_w,curr_d,curr_l,curr_gf,curr_ga,curr_gd,curr_pts,points_deduction,form,elo_live,xg_90_live,xga_90_live,proj_w,proj_d,proj_l,proj_gf,proj_ga,proj_gd,proj_pts,proj_pts_int,pts_p10,pts_p90,title_prob,top4_prob,top5_ucl_prob,europe_prob,relegation_prob,fdr_remaining,proj_pos,pos_delta
MCI,Manchester City,Man City,Enzo Maresca,Etihad Stadium,#6CABDD,UCL,1,5,5,0,0,13,5,8,15,0,WWWWW,1994.4,2.3,0.92,25.3,6.5,6.2,82.0,38.5,43.6,82.4,82,74,91,52.5,99.2,99.8,100.0,0.0,44.7,1,0
ARS,Arsenal,Arsenal,Mikel Arteta,Emirates Stadium,#EF0107,UCL,2,5,4,0,1,8,4,4,12,0,WWWLW,1985.4,2.06,0.77,24.8,6.8,6.4,73.2,31.9,41.3,81.2,81,73,90,43.1,99.0,99.6,100.0,0.0,42.7,2,0
BHA,Brighton & Hove Albion,Brighton,Fabian Hürzeler,Amex Stadium,#0057B8,UECL,3,5,3,1,1,16,5,11,10,0,WDWWL,1832.6,2.04,1.14,19.7,8.3,10.0,75.6,46.0,29.6,67.4,67,58,77,2.1,66.4,79.8,92.9,0.0,43.7,3,0
LIV,Liverpool,Liverpool,Andoni Iraola,Anfield,#C8102E,UCL,6,5,2,3,0,7,4,3,9,0,WDDWD,1880.6,1.87,1.05,18.9,10.4,8.7,65.0,42.3,22.7,67.0,67,58,77,2.0,64.2,78.1,92.4,0.0,47.0,4,2
BRE,Brentford,Brentford,Keith Andrews,Gtech Community Stadium,#E30613,,4,5,2,3,0,10,4,6,9,0,DWDDW,1786.8,1.68,1.17,15.8,11.0,11.2,59.2,47.4,11.8,58.4,58,49,68,0.1,17.7,32.2,60.1,0.2,47.8,5,-1
CHE,Chelsea,Chelsea,Xabi Alonso,Stamford Bridge,#034694,,10,5,2,1,2,10,12,-2,7,0,LLDWW,1813.0,1.9,1.48,16.1,8.3,13.6,66.8,62.6,4.2,56.7,57,47,66,0.0,12.6,24.2,49.2,0.4,43.6,6,4
LEE,Leeds United,Leeds,Daniel Farke,Elland Road,#FFCD00,,5,5,2,3,0,7,3,4,9,0,WWDDD,1756.0,1.47,1.14,15.1,11.2,11.7,52.7,46.1,6.6,56.4,56,47,66,0.0,11.3,22.5,47.7,0.5,47.0,7,-2
NEW,Newcastle United,Newcastle,Matthias Jaissle,St James' Park,#241F20,,9,5,2,2,1,9,9,0,8,0,LWDWD,1784.6,1.7,1.38,15.4,9.5,13.2,60.7,58.0,2.7,55.6,56,46,65,0.0,9.2,19.1,42.0,0.5,47.1,8,1
EVE,Everton,Everton,David Moyes,Hill Dickinson Stadium,#003399,,7,5,2,3,0,6,3,3,9,0,WDWDD,1764.6,1.37,1.07,14.5,11.5,11.9,48.0,44.1,3.9,55.2,55,46,64,0.0,8.4,17.7,41.3,0.6,49.6,9,-2
MUN,Manchester United,Man Utd,Michael Carrick,Old Trafford,#DA291C,UCL,12,5,1,2,2,8,8,0,5,0,LDWLD,1813.2,1.73,1.31,15.1,9.5,13.4,61.3,55.0,6.3,54.8,55,45,64,0.0,8.8,18.2,39.3,0.6,46.0,10,2
AVL,Aston Villa,Aston Villa,Unai Emery,Villa Park,#670E36,UCL,16,5,1,1,3,4,9,-5,4,0,LLWLD,1764.4,1.46,1.38,13.2,8.8,16.0,50.5,57.6,-7.2,48.4,48,39,58,0.0,1.5,3.8,12.1,5.9,45.5,11,5
BOU,Bournemouth,Bournemouth,Marco Rose,Vitality Stadium,#DA291C,UEL,17,5,0,3,2,6,8,-2,3,0,DLDDL,1720.8,1.44,1.4,11.6,10.9,15.5,50.7,57.7,-7.0,45.7,46,36,55,0.0,0.5,1.8,6.7,10.7,43.0,12,5
NFO,Nottingham Forest,Nott'm Forest,Oliver Glasner,City Ground,#DD0000,,13,5,1,2,2,4,5,-1,5,0,LDLDW,1713.8,1.27,1.24,11.7,10.3,16.0,43.0,51.9,-8.8,45.3,45,36,55,0.0,0.6,1.6,6.3,11.3,49.2,13,0
HUL,Hull City,Hull City,Sergej Jakirović,MKM Stadium,#F5A12D,,8,5,2,2,1,6,4,2,8,0,WWDLD,1679.4,1.18,1.36,11.2,10.2,16.6,41.9,54.8,-12.9,43.9,44,35,53,0.0,0.1,0.6,3.7,15.6,49.2,14,-6
SUN,Sunderland,Sunderland,Régis Le Bris,Stadium of Light,#EB172B,UEL,14,5,1,1,3,6,10,-4,4,0,WDLLL,1685.8,1.25,1.52,10.7,8.9,18.4,45.7,63.3,-17.7,41.1,41,32,50,0.0,0.2,0.5,1.9,28.1,45.1,15,-1
CRY,Crystal Palace,Crystal Palace,Pierre Sage,Selhurst Park,#1B458F,UEL,15,5,1,1,3,6,11,-5,4,0,LLLWD,1690.4,1.28,1.54,10.6,8.8,18.6,46.0,65.6,-19.6,40.7,41,32,50,0.0,0.1,0.3,1.4,29.4,48.0,16,-1
TOT,Tottenham Hotspur,Tottenham,Roberto De Zerbi,Tottenham Hotspur Stadium,#132257,,20,5,0,2,3,2,8,-6,2,0,LDLDL,1705.4,1.33,1.45,10.2,9.8,18.1,43.3,61.1,-17.8,40.2,40,31,49,0.0,0.1,0.2,1.5,31.0,48.2,17,3
FUL,Fulham,Fulham,Álvaro Arbeloa,Craven Cottage,#000000,,19,5,0,2,3,5,8,-3,2,0,LDDLL,1689.6,1.27,1.41,9.7,10.0,18.3,43.7,60.0,-16.2,39.2,39,30,48,0.0,0.0,0.1,1.0,36.9,47.7,18,1
IPS,Ipswich Town,Ipswich,Gary O'Neil,Portman Road,#3A64A3,,11,5,2,0,3,7,11,-4,6,0,LWLLW,1653.4,1.23,1.66,10.5,7.4,20.2,44.9,70.6,-25.7,38.8,39,30,48,0.0,0.0,0.1,0.7,40.0,49.2,19,-8
COV,Coventry City,Coventry,Frank Lampard,CBS Arena,#0593D3,,18,5,1,0,4,1,10,-9,3,0,WLLLL,1611.0,0.91,1.69,7.3,7.4,23.4,30.9,70.7,-39.7,29.2,29,21,38,0.0,0.0,0.0,0.0,88.2,45.7,20,-2
