player_id,name,club,club_name,primary_color,pos,nation,games_out,goals_curr,assists_curr,goals_prev,assists_prev,goals_prev_verified,assists_prev_verified,xg_90,xa_90,kp_90,shot_conv,pen_taker,proj_rem_goals,proj_goals,proj_goals_int,goals_p10,goals_p90,golden_boot_prob,proj_rem_assists,proj_assists,proj_assists_int,assists_p10,assists_p90,playmaker_prob,proj_gi,poty_index,poty_prob
gross,Pascal Groß,BHA,Brighton,#0057B8,MID,GER,0,3,3,8,12,False,False,0.32,0.38,3.0,17.0,True,8.5,11.5,12,7,17,0.2,10.8,13.8,14,9,20,20.7,25.3,63.0,
bruno,Bruno Fernandes,MUN,Man Utd,#DA291C,MID,POR,0,3,1,13,21,False,True,0.42,0.39,3.1,16.0,True,11.0,14.0,14,9,20,1.0,11.1,12.1,12,7,18,12.5,26.1,53.3,
saka,Bukayo Saka,ARS,Arsenal,#EF0107,FWD,ENG,0,3,2,16,14,False,False,0.52,0.38,2.7,19.0,True,13.3,16.3,16,10,23,3.7,10.1,12.0,12,7,17,10.9,28.3,91.8,5.3
palmer,Cole Palmer,CHE,Chelsea,#034694,MID,ENG,0,2,2,16,12,False,False,0.5,0.36,2.6,18.0,True,12.2,14.3,14,9,21,1.6,9.6,11.6,12,7,17,9.6,25.9,54.2,
cherki,Rayan Cherki,MCI,Man City,#6CABDD,MID,FRA,0,3,2,10,12,False,True,0.38,0.41,2.9,18.0,False,7.7,10.7,11,7,15,0.1,9.6,11.6,12,7,17,8.4,22.3,82.8,1.3
semenyo,Antoine Semenyo,MCI,Man City,#6CABDD,FWD,GHA,0,2,3,17,8,True,False,0.46,0.31,2.1,19.0,False,10.1,12.1,12,7,17,0.3,7.7,10.7,11,7,15,5.1,22.8,84.2,1.6
odegaard,Martin Ødegaard,ARS,Arsenal,#EF0107,MID,NOR,0,2,1,10,12,False,False,0.31,0.36,2.9,16.0,False,6.8,8.8,9,5,13,0.0,9.6,10.6,11,6,16,5.7,19.4,73.6,0.3
wirtz,Florian Wirtz,LIV,Liverpool,#C8102E,MID,GER,0,1,1,11,13,False,False,0.36,0.37,2.8,17.0,False,7.7,8.8,9,5,13,0.0,9.4,10.5,10,6,16,5.8,19.3,51.1,
gakpo,Cody Gakpo,LIV,Liverpool,#C8102E,FWD,NED,0,1,3,12,9,False,False,0.41,0.3,2.2,17.0,False,8.5,9.5,10,5,14,0.0,7.3,10.4,10,6,15,3.3,19.9,52.4,
kamada,Daichi Kamada,CRY,Crystal Palace,#1B458F,MID,JPN,0,1,3,6,8,False,False,0.22,0.27,2.1,15.0,False,4.5,5.4,5,3,9,0.0,7.0,10.1,10,6,14,2.2,15.5,25.8,
foden,Phil Foden,MCI,Man City,#6CABDD,MID,ENG,0,1,2,14,10,False,False,0.43,0.32,2.4,19.0,False,9.3,10.3,10,6,15,0.1,8.0,10.0,10,6,15,3.2,20.3,79.2,0.8
mgw,Morgan Gibbs-White,NFO,Nott'm Forest,#DD0000,MID,ENG,0,1,2,15,10,True,False,0.38,0.29,2.5,18.0,True,9.5,10.4,10,6,16,0.2,7.8,9.9,10,6,15,3.3,20.3,37.6,
rice,Declan Rice,ARS,Arsenal,#EF0107,MID,ENG,0,1,2,7,10,False,False,0.18,0.26,2.1,14.0,False,3.9,4.9,5,2,8,0.0,7.4,9.4,9,5,14,1.9,14.3,63.3,0.1
joao_pedro,João Pedro,CHE,Chelsea,#034694,FWD,BRA,0,3,3,15,7,True,False,0.54,0.26,1.9,20.0,False,12.4,15.6,16,10,22,2.3,6.4,9.4,9,6,13,1.8,25.0,53.1,
enciso,Julio Enciso,IPS,Ipswich,#3A64A3,MID,PAR,0,1,2,8,7,False,False,0.31,0.25,2.0,15.0,False,6.9,8.0,8,4,12,0.0,6.6,8.5,8,5,13,0.9,16.5,27.8,
evanilson,Evanilson,BOU,Bournemouth,#DA291C,FWD,BRA,0,1,3,12,6,False,False,0.44,0.22,1.5,18.0,False,10.1,11.0,11,6,17,0.2,5.5,8.5,8,5,12,0.6,19.5,36.5,
belloumi,Mohamed Belloumi,HUL,Hull City,#F5A12D,FWD,ALG,0,2,2,12,9,False,False,0.33,0.24,1.8,17.0,False,7.4,9.4,9,5,14,0.0,6.1,8.1,8,5,12,0.6,17.5,31.8,
barnes,Harvey Barnes,NEW,Newcastle,#241F20,FWD,ENG,0,2,2,11,7,False,False,0.4,0.23,1.7,18.0,False,8.6,10.6,11,6,15,0.2,5.7,7.8,8,4,12,0.5,18.4,39.0,
