fixture_id,gw,dates,home,away,lambda_home,lambda_away,prob_home,prob_draw,prob_away,clean_sheet_home,clean_sheet_away,btts_prob,over_2_5_prob,top_score,top_score_prob
1,6,10-12 October 2026,ARS,LEE,2.12,0.72,68.5,20.9,10.6,48.5,12.1,46.3,53.8,2-0,13.2
9,6,10-12 October 2026,MUN,TOT,1.97,1.05,57.3,23.9,18.8,34.9,14.0,57.1,58.0,1-1,11.3
3,6,10-12 October 2026,CHE,BOU,1.99,1.39,50.3,23.9,25.8,24.8,13.7,65.9,65.6,1-1,10.5
7,6,10-12 October 2026,IPS,FUL,1.35,1.33,36.2,28.7,35.1,26.5,25.9,55.8,50.1,1-1,13.7
5,6,10-12 October 2026,CRY,NFO,1.27,1.24,35.9,29.8,34.3,29.0,28.1,52.4,45.8,1-1,14.2
8,6,10-12 October 2026,LIV,MCI,1.44,1.49,35.2,27.2,37.6,22.5,23.8,60.3,56.0,1-1,12.7
2,6,10-12 October 2026,AVL,BRE,1.33,1.41,34.0,28.3,37.7,24.4,26.5,56.9,51.5,1-1,13.5
6,6,10-12 October 2026,HUL,EVE,1.05,1.2,30.3,31.5,38.1,30.0,35.1,46.9,39.1,1-1,14.7
10,6,10-12 October 2026,SUN,BHA,1.16,1.85,22.6,25.2,52.2,15.8,31.4,58.9,57.7,1-1,11.8
4,6,10-12 October 2026,COV,NEW,0.97,1.84,18.5,25.1,56.4,15.9,37.7,53.5,53.3,1-1,12.0
17,7,17-19 October 2026,MCI,IPS,2.95,0.73,80.7,13.3,5.9,48.1,5.4,49.7,70.1,2-0,11.3
13,7,17-19 October 2026,BHA,CRY,2.23,0.95,65.1,21.0,13.9,38.7,10.8,55.6,61.3,2-0,10.4
20,7,17-19 October 2026,TOT,COV,1.8,0.87,58.0,25.3,16.7,41.8,16.5,49.8,49.9,1-1,12.1
18,7,17-19 October 2026,NEW,AVL,1.79,1.3,47.9,25.5,26.6,27.4,16.7,61.7,59.6,1-1,11.8
11,7,17-19 October 2026,BOU,SUN,1.65,1.18,46.8,26.9,26.2,30.6,19.3,57.3,53.7,1-1,12.8
14,7,17-19 October 2026,EVE,CHE,1.62,1.29,43.8,26.9,29.3,27.6,19.8,59.3,55.5,1-1,12.7
16,7,17-19 October 2026,LEE,MUN,1.51,1.28,41.4,27.8,30.9,27.8,22.0,57.6,52.8,1-1,13.2
15,7,17-19 October 2026,FUL,HUL,1.33,1.15,39.6,29.8,30.6,31.8,26.3,51.7,45.1,1-1,14.2
12,7,17-19 October 2026,BRE,LIV,1.42,1.43,36.1,27.6,36.2,24.0,24.1,59.0,54.2,1-1,13.1
19,7,17-19 October 2026,NFO,ARS,0.76,1.66,15.8,26.7,57.5,19.1,46.5,44.5,43.6,0-1,13.5
21,8,24-25 October 2026,ARS,EVE,1.9,0.66,65.7,23.2,11.1,51.7,15.0,42.1,46.9,2-0,14.0
23,8,24-25 October 2026,CHE,TOT,2.06,1.24,55.2,23.3,21.5,29.0,12.8,62.9,63.8,1-1,10.5
29,8,24-25 October 2026,MUN,BOU,1.93,1.32,50.6,24.4,25.0,26.8,14.5,63.6,62.9,1-1,11.0
28,8,24-25 October 2026,LIV,BHA,1.82,1.36,47.0,25.2,27.7,25.7,16.3,63.3,61.4,1-1,11.5
27,8,24-25 October 2026,IPS,NFO,1.25,1.31,33.9,29.4,36.7,27.0,28.7,53.5,47.1,1-1,14.1
25,8,24-25 October 2026,CRY,NEW,1.37,1.55,32.5,27.2,40.3,21.3,25.4,59.9,55.7,1-1,12.7
30,8,24-25 October 2026,SUN,LEE,1.17,1.37,30.5,29.4,40.1,25.3,31.0,52.9,46.7,1-1,14.0
26,8,24-25 October 2026,HUL,BRE,1.14,1.4,29.4,29.3,41.4,24.7,31.8,52.7,46.7,1-1,14.0
24,8,24-25 October 2026,COV,FUL,1.11,1.36,29.2,29.7,41.1,25.6,32.9,51.3,44.9,1-1,14.2
22,8,24-25 October 2026,AVL,MCI,1.1,1.9,20.8,24.7,54.6,15.1,33.2,57.9,57.5,1-1,11.6
38,9,31 October - 2 November 2026,MCI,BHA,2.05,1.24,55.0,23.4,21.7,29.0,12.9,62.9,63.7,1-1,10.6
33,9,31 October - 2 November 2026,BRE,NFO,1.64,1.0,51.0,27.2,21.8,36.8,19.4,52.2,49.1,1-1,13.0
32,9,31 October - 2 November 2026,AVL,FUL,1.71,1.15,49.1,26.4,24.5,31.6,18.1,57.2,54.4,1-1,12.5
34,9,31 October - 2 November 2026,CHE,MUN,1.84,1.54,43.9,24.7,31.5,21.4,15.9,67.2,65.6,1-1,10.7
36,9,31 October - 2 November 2026,HUL,IPS,1.46,1.12,43.4,28.8,27.8,32.5,23.2,53.2,47.7,1-1,13.8
40,9,31 October - 2 November 2026,TOT,CRY,1.56,1.31,41.8,27.3,30.9,27.0,21.1,58.9,54.6,1-1,12.9
39,9,31 October - 2 November 2026,NEW,EVE,1.43,1.29,38.9,28.3,32.8,27.4,24.0,56.5,51.1,1-1,13.5
31,9,31 October - 2 November 2026,BOU,LEE,1.31,1.3,35.5,29.1,35.4,27.2,27.1,54.4,48.3,1-1,13.9
37,9,31 October - 2 November 2026,LIV,ARS,1.24,1.31,33.6,29.5,36.9,27.0,29.0,53.3,46.8,1-1,14.1
35,9,31 October - 2 November 2026,COV,SUN,1.15,1.39,29.8,29.3,40.9,25.0,31.6,52.7,46.6,1-1,14.0
41,10,7-8 November 2026,ARS,HUL,2.4,0.6,76.4,16.9,6.7,55.1,9.2,41.6,57.1,2-0,14.6
44,10,7-8 November 2026,EVE,COV,1.85,0.7,63.7,24.0,12.3,49.7,15.7,43.5,46.7,2-0,13.4
47,10,7-8 November 2026,LEE,TOT,1.69,1.01,51.8,26.7,21.4,36.4,18.5,53.1,50.5,1-1,12.8
42,10,7-8 November 2026,BHA,BRE,1.81,1.17,51.0,25.5,23.5,31.0,16.4,58.9,57.1,1-1,12.0
48,10,7-8 November 2026,MUN,AVL,1.83,1.24,50.0,25.3,24.7,29.0,16.1,60.8,59.1,1-1,11.7
46,10,7-8 November 2026,IPS,BOU,1.35,1.45,33.8,27.9,38.3,23.4,25.9,58.1,53.1,1-1,13.2
45,10,7-8 November 2026,FUL,NEW,1.35,1.48,33.3,27.7,39.0,22.9,26.0,58.4,53.5,1-1,13.1
50,10,7-8 November 2026,SUN,CHE,1.44,1.74,30.9,25.6,43.6,17.5,23.6,64.1,61.6,1-1,11.6
43,10,7-8 November 2026,CRY,LIV,1.04,1.72,21.8,26.4,51.8,18.0,35.2,54.3,52.0,1-1,12.6
49,10,7-8 November 2026,NFO,MCI,0.93,1.82,17.8,25.2,57.0,16.3,39.5,51.9,51.7,1-1,12.0
58,11,21-23 November 2026,MCI,FUL,2.61,0.81,74.8,16.6,8.6,44.6,7.5,52.0,65.8,2-0,11.4
57,11,21-23 November 2026,LIV,MUN,1.95,1.18,54.0,24.3,21.8,30.7,14.3,60.5,60.3,1-1,11.2
52,11,21-23 November 2026,AVL,SUN,1.81,1.15,51.5,25.5,23.0,31.6,16.4,58.4,56.8,1-1,12.0
60,11,21-23 November 2026,TOT,IPS,1.78,1.2,49.6,25.8,24.7,30.0,16.9,59.3,57.2,1-1,12.1
54,11,21-23 November 2026,CHE,LEE,1.76,1.37,45.6,25.6,28.8,25.5,17.2,62.9,60.4,1-1,11.7
53,11,21-23 November 2026,BRE,EVE,1.38,1.09,42.1,29.6,28.3,33.6,25.1,51.2,44.9,1-1,14.1
51,11,21-23 November 2026,BOU,NFO,1.37,1.18,39.8,29.4,30.8,30.8,25.5,52.9,46.7,1-1,14.0
55,11,21-23 November 2026,COV,CRY,1.15,1.4,29.5,29.3,41.2,24.8,31.7,52.7,46.7,1-1,14.0
59,11,21-23 November 2026,NEW,ARS,1.08,1.69,23.1,26.7,50.2,18.5,33.8,55.2,52.3,1-1,12.7
56,11,21-23 November 2026,HUL,BHA,1.05,1.74,21.5,26.2,52.3,17.6,35.2,54.6,52.5,1-1,12.5
67,12,28-29 November 2026,LEE,COV,1.95,0.72,65.1,22.9,12.0,48.4,14.3,45.3,49.8,2-0,13.2
62,12,28-29 November 2026,BHA,NEW,2.09,1.22,56.1,23.1,20.9,29.5,12.5,62.8,64.1,1-1,10.4
61,12,28-29 November 2026,ARS,MCI,1.51,1.14,44.5,28.3,27.3,32.0,22.0,54.4,49.4,1-1,13.5
68,12,28-29 November 2026,MUN,BRE,1.6,1.33,42.4,27.0,30.6,26.5,20.3,59.9,56.0,1-1,12.6
70,12,28-29 November 2026,SUN,TOT,1.41,1.28,38.7,28.5,32.8,27.8,24.5,55.9,50.4,1-1,13.6
63,12,28-29 November 2026,CRY,HUL,1.36,1.23,38.4,29.2,32.4,29.3,25.7,53.9,47.8,1-1,14.0
65,12,28-29 November 2026,FUL,BOU,1.35,1.35,35.7,28.5,35.8,25.9,25.9,56.2,50.6,1-1,13.6
69,12,28-29 November 2026,NFO,CHE,1.44,1.47,35.7,27.3,36.9,23.1,23.7,60.0,55.5,1-1,12.8
64,12,28-29 November 2026,EVE,LIV,1.16,1.31,31.4,29.9,38.7,26.9,31.3,51.7,45.0,1-1,14.3
66,12,28-29 November 2026,IPS,AVL,1.31,1.53,31.2,27.5,41.2,21.7,27.1,58.4,53.9,1-1,13.0
77,13,2 December 2026,LIV,SUN,2.24,0.87,67.1,20.6,12.4,41.9,10.8,52.8,59.7,2-0,11.3
78,13,2 December 2026,MCI,LEE,2.24,0.9,66.4,20.7,12.9,40.6,10.8,54.0,60.4,2-0,10.9
74,13,2 December 2026,CHE,CRY,2.15,1.19,58.1,22.5,19.4,30.6,11.7,62.3,64.5,1-1,10.1
79,13,2 December 2026,NEW,MUN,1.76,1.43,44.3,25.5,30.2,23.9,17.2,64.2,61.8,1-1,11.5
80,13,2 December 2026,TOT,FUL,1.46,1.27,40.4,28.2,31.4,28.1,23.1,56.6,51.4,1-1,13.4
72,13,2 December 2026,AVL,EVE,1.23,1.24,34.9,30.1,35.0,29.1,29.1,51.7,44.8,1-1,14.3
76,13,2 December 2026,HUL,NFO,1.16,1.14,34.7,31.3,34.0,31.9,31.5,48.1,40.3,1-1,14.7
75,13,2 December 2026,COV,IPS,1.24,1.33,33.3,29.3,37.4,26.5,28.9,53.7,47.4,1-1,14.0
71,13,2 December 2026,BOU,BHA,1.29,1.69,28.1,26.3,45.5,18.5,27.5,60.3,57.2,1-1,12.3
73,13,2 December 2026,BRE,ARS,0.99,1.58,22.4,27.9,49.7,20.6,37.2,51.2,47.3,1-1,13.3
87,14,5 December 2026,MUN,COV,2.31,0.86,68.8,19.7,11.5,42.5,10.0,52.7,60.9,2-0,11.4
86,14,5 December 2026,LEE,IPS,1.88,0.89,59.5,24.4,16.1,41.2,15.3,51.0,52.2,1-1,11.7
88,14,5 December 2026,NEW,SUN,2.04,1.14,56.9,23.4,19.7,32.1,13.1,60.1,61.3,1-1,10.8
85,14,5 December 2026,EVE,FUL,1.55,0.9,51.2,28.3,20.5,40.9,21.3,47.9,44.0,1-1,13.4
82,14,5 December 2026,AVL,CRY,1.77,1.23,48.9,25.8,25.3,29.3,17.0,59.8,57.6,1-1,12.1
81,14,5 December 2026,BOU,HUL,1.47,1.12,43.6,28.7,27.7,32.5,23.1,53.3,47.9,1-1,13.7
84,14,5 December 2026,CHE,LIV,1.56,1.7,34.4,25.4,40.2,18.3,21.0,65.7,63.3,1-1,11.3
89,14,5 December 2026,NFO,BHA,1.16,1.56,26.9,27.7,45.4,20.9,31.4,55.5,51.1,1-1,13.2
83,14,5 December 2026,BRE,MCI,1.17,1.68,25.3,26.7,48.1,18.6,31.1,57.3,54.1,1-1,12.6
90,14,5 December 2026,TOT,ARS,0.89,1.94,15.4,23.7,60.9,14.4,41.3,51.4,53.5,1-1,11.3
91,15,12 December 2026,ARS,BOU,2.32,0.73,71.9,18.8,9.2,48.3,9.9,47.5,58.3,2-0,12.9
99,15,12 December 2026,MCI,CHE,2.51,1.06,67.7,19.0,13.4,34.7,8.3,60.7,68.7,2-1,9.5
98,15,12 December 2026,LIV,LEE,1.77,0.96,55.1,25.8,19.1,38.3,17.1,52.4,51.2,1-1,12.3
92,15,12 December 2026,BHA,EVE,1.67,1.0,51.8,26.9,21.3,36.9,18.9,52.5,49.8,1-1,12.9
96,15,12 December 2026,HUL,TOT,1.28,1.24,36.0,29.7,34.3,28.8,27.9,52.7,46.1,1-1,14.2
100,15,12 December 2026,SUN,NFO,1.23,1.24,34.9,30.0,35.0,29.1,29.1,51.7,44.8,1-1,14.3
94,15,12 December 2026,CRY,MUN,1.33,1.57,31.0,27.1,41.9,20.8,26.5,59.5,55.3,1-1,12.8
95,15,12 December 2026,FUL,BRE,1.23,1.43,31.0,28.7,40.3,24.0,29.4,55.0,49.4,1-1,13.7
97,15,12 December 2026,IPS,NEW,1.33,1.71,28.8,26.1,45.0,18.2,26.4,61.4,58.4,1-1,12.1
93,15,12 December 2026,COV,AVL,1.09,1.59,24.7,27.6,47.6,20.4,33.7,54.1,50.1,1-1,13.2
108,16,19 December 2026,MCI,HUL,2.56,0.68,76.8,16.1,7.1,50.6,7.9,46.3,62.2,2-0,13.0
104,16,19 December 2026,BHA,IPS,2.39,0.95,68.0,19.5,12.5,38.6,9.3,56.6,64.5,2-0,10.2
102,16,19 December 2026,ARS,MUN,2.11,0.88,64.3,22.0,13.8,41.3,12.2,52.5,57.2,2-0,11.2
107,16,19 December 2026,LIV,TOT,2.11,0.92,63.4,22.1,14.5,39.9,12.2,53.8,58.0,2-0,10.8
101,16,19 December 2026,BOU,COV,1.82,0.86,58.7,25.0,16.2,42.2,16.2,49.6,50.1,1-1,11.9
106,16,19 December 2026,LEE,FUL,1.64,0.94,52.5,27.2,20.3,39.1,19.4,50.4,47.6,1-1,13.0
105,16,19 December 2026,CHE,AVL,1.93,1.37,49.5,24.4,26.1,25.5,14.5,64.7,63.9,1-1,10.9
103,16,19 December 2026,BRE,NEW,1.78,1.27,47.9,25.7,26.4,28.0,17.0,60.9,58.6,1-1,11.9
110,16,19 December 2026,SUN,CRY,1.5,1.26,41.4,28.0,30.6,28.4,22.4,56.8,51.9,1-1,13.3
109,16,19 December 2026,NFO,EVE,1.07,1.16,32.0,31.8,36.3,31.4,34.2,46.6,38.6,1-1,14.8
114,17,26 December 2026,EVE,SUN,1.65,0.92,53.2,27.1,19.7,39.9,19.3,49.8,47.2,1-1,12.9
118,17,26 December 2026,MUN,NFO,1.79,1.12,51.8,25.7,22.5,32.7,16.7,57.2,55.5,1-1,12.2
120,17,26 December 2026,TOT,BOU,1.46,1.39,37.7,27.6,34.7,24.9,23.3,58.9,54.1,1-1,13.1
111,17,26 December 2026,AVL,LEE,1.35,1.28,37.0,29.0,34.0,27.7,26.0,54.8,48.8,1-1,13.8
117,17,26 December 2026,IPS,BRE,1.15,1.6,26.2,27.4,46.4,20.2,31.5,55.9,51.9,1-1,13.1
119,17,26 December 2026,NEW,MCI,1.3,1.91,25.0,24.6,50.4,14.8,27.2,63.1,62.2,1-1,11.1
115,17,26 December 2026,FUL,BHA,1.19,1.79,24.2,25.6,50.2,16.7,30.4,59.2,57.2,1-1,12.0
116,17,26 December 2026,HUL,LIV,0.93,1.63,20.2,27.3,52.5,19.5,39.4,50.0,47.2,1-1,13.0
112,17,26 December 2026,COV,CHE,1.06,2.05,17.9,23.1,59.0,12.9,34.7,57.9,59.9,1-1,10.8
113,17,26 December 2026,CRY,ARS,0.78,2.03,12.5,22.3,65.2,13.3,45.7,48.1,53.0,0-2,12.4
128,18,30 December 2026,MUN,SUN,2.08,1.06,59.6,22.9,17.6,34.7,12.6,58.1,60.5,1-1,10.7
129,18,30 December 2026,NEW,NFO,1.74,1.08,51.4,26.2,22.3,34.0,17.6,55.6,53.4,1-1,12.5
123,18,30 December 2026,CRY,BOU,1.43,1.4,36.9,27.8,35.3,24.7,23.9,58.6,53.7,1-1,13.1
126,18,30 December 2026,HUL,LEE,1.14,1.31,31.0,30.1,38.9,27.1,32.0,51.0,44.2,1-1,14.3
121,18,30 December 2026,AVL,LIV,1.28,1.54,30.2,27.5,42.2,21.4,27.9,58.0,53.5,1-1,13.1
130,18,30 December 2026,TOT,BHA,1.23,1.83,24.6,25.3,50.1,16.1,29.1,60.6,59.0,1-1,11.7
127,18,30 December 2026,IPS,CHE,1.35,2.04,24.2,23.6,52.2,13.1,26.0,65.3,65.5,1-1,10.4
124,18,30 December 2026,EVE,MCI,1.05,1.59,23.6,27.7,48.7,20.4,35.1,53.0,49.1,1-1,13.2
122,18,30 December 2026,COV,BRE,0.94,1.74,19.1,26.1,54.8,17.6,39.0,51.4,50.0,1-1,12.5
125,18,30 December 2026,FUL,ARS,0.8,1.93,13.7,23.5,62.8,14.5,45.0,48.2,51.3,0-2,12.2
132,19,2 January 2027,ARS,IPS,2.75,0.61,80.8,13.9,5.3,54.2,6.6,43.4,64.4,2-0,13.4
137,19,2 January 2027,LIV,COV,2.57,0.63,78.2,15.6,6.3,53.3,7.8,43.8,61.4,2-0,13.7
138,19,2 January 2027,MCI,TOT,2.52,0.84,72.7,17.7,9.7,43.3,8.2,52.9,64.6,2-0,11.2
133,19,2 January 2027,BRE,CRY,1.91,0.98,57.8,24.4,17.8,37.5,14.9,54.3,55.0,1-1,11.6
134,19,2 January 2027,BHA,MUN,1.93,1.25,51.9,24.5,23.7,28.6,14.6,62.0,61.4,1-1,11.2
135,19,2 January 2027,CHE,NEW,1.89,1.52,45.4,24.4,30.2,21.9,15.1,67.3,66.1,1-1,10.6
139,19,2 January 2027,NFO,FUL,1.39,1.04,43.5,29.7,26.8,35.3,24.9,50.0,43.9,1-1,14.1
136,19,2 January 2027,LEE,EVE,1.24,1.0,40.3,31.4,28.3,36.6,28.8,46.6,39.0,1-1,14.6
140,19,2 January 2027,SUN,HUL,1.34,1.2,38.7,29.5,31.8,30.2,26.2,52.9,46.5,1-1,14.1
131,19,2 January 2027,BOU,AVL,1.43,1.33,38.1,28.2,33.7,26.5,24.0,57.2,51.9,1-1,13.4
141,20,6 January 2027,ARS,BRE,1.97,0.81,63.4,23.1,13.5,44.6,14.0,48.7,52.3,2-0,12.1
142,20,6 January 2027,BHA,BOU,2.11,1.07,60.0,22.6,17.4,34.4,12.2,58.6,61.3,1-1,10.5
146,20,6 January 2027,IPS,COV,1.67,0.98,52.2,27.0,20.9,37.6,18.9,51.8,49.1,1-1,12.9
148,20,6 January 2027,MUN,NEW,1.82,1.36,46.9,25.2,27.9,25.6,16.3,63.4,61.5,1-1,11.5
149,20,6 January 2027,NFO,HUL,1.4,1.0,44.8,29.8,25.4,36.9,24.6,49.0,43.0,1-1,14.1
144,20,6 January 2027,EVE,AVL,1.45,1.06,44.6,29.1,26.3,34.6,23.5,51.4,45.8,1-1,13.9
145,20,6 January 2027,FUL,TOT,1.43,1.25,40.0,28.5,31.4,28.8,23.9,55.6,50.1,1-1,13.6
143,20,6 January 2027,CRY,CHE,1.45,1.86,29.2,24.8,46.0,15.6,23.4,65.7,64.2,1-1,11.0
147,20,6 January 2027,LEE,MCI,1.1,1.66,23.9,26.9,49.1,19.0,33.3,55.3,52.1,1-1,12.8
150,20,6 January 2027,SUN,LIV,1.01,1.74,20.7,26.2,53.2,17.6,36.4,53.6,51.7,1-1,12.5
158,21,16 January 2027,MCI,NFO,2.28,0.79,69.9,19.6,10.5,45.4,10.3,49.9,58.8,2-0,12.2
157,21,16 January 2027,LIV,CRY,2.21,0.94,65.1,21.1,13.8,39.1,11.0,55.2,60.7,2-0,10.6
154,21,16 January 2027,CHE,SUN,2.19,1.24,57.7,22.3,20.1,28.9,11.3,64.0,66.3,1-1,9.8
159,21,16 January 2027,NEW,FUL,1.95,1.11,55.5,24.2,20.3,32.8,14.3,58.7,58.9,1-1,11.3
151,21,16 January 2027,BOU,IPS,1.83,1.2,50.9,25.3,23.8,30.2,16.1,59.8,58.2,1-1,11.8
152,21,16 January 2027,AVL,MUN,1.52,1.46,37.7,26.9,35.4,23.1,22.0,61.2,57.2,1-1,12.5
153,21,16 January 2027,BRE,BHA,1.5,1.51,36.5,26.8,36.8,22.1,22.3,61.7,57.8,1-1,12.4
160,21,16 January 2027,TOT,LEE,1.25,1.36,33.0,29.1,37.9,25.8,28.7,54.3,48.2,1-1,13.9
155,21,16 January 2027,COV,EVE,0.91,1.49,21.7,29.0,49.3,22.6,40.2,47.6,43.0,1-1,13.7
156,21,16 January 2027,HUL,ARS,0.73,1.78,13.6,25.0,61.4,16.8,48.3,44.2,45.8,0-1,13.3
161,22,23 January 2027,ARS,NEW,2.21,0.84,67.4,20.7,11.9,43.4,11.1,51.3,58.3,2-0,11.7
170,22,23 January 2027,SUN,COV,1.67,0.9,54.1,26.9,19.0,40.6,18.9,49.4,47.2,1-1,12.8
167,22,23 January 2027,LEE,CHE,1.74,1.38,44.7,25.8,29.6,25.1,17.6,62.9,60.3,1-1,11.8
163,22,23 January 2027,CRY,TOT,1.44,1.28,39.3,28.3,32.4,27.7,23.8,56.4,51.1,1-1,13.5
169,22,23 January 2027,NFO,BOU,1.37,1.24,38.6,29.0,32.4,28.9,25.3,54.4,48.5,1-1,13.9
164,22,23 January 2027,EVE,BRE,1.34,1.21,38.2,29.4,32.3,29.8,26.3,53.2,46.8,1-1,14.1
166,22,23 January 2027,IPS,HUL,1.32,1.27,36.6,29.3,34.2,28.2,26.8,53.9,47.7,1-1,14.0
165,22,23 January 2027,FUL,AVL,1.33,1.35,35.4,28.7,36.0,26.0,26.4,55.8,50.1,1-1,13.7
168,22,23 January 2027,MUN,LIV,1.45,1.53,34.7,26.9,38.4,21.7,23.6,61.1,57.0,1-1,12.5
162,22,23 January 2027,BHA,MCI,1.44,1.59,33.3,26.6,40.1,20.4,23.8,61.9,58.2,1-1,12.3
172,23,30 January 2027,AVL,IPS,1.94,1.08,56.2,24.2,19.6,34.0,14.4,57.6,58.0,1-1,11.4
177,23,30 January 2027,LIV,EVE,1.62,0.91,52.7,27.5,19.8,40.4,19.9,49.0,46.1,1-1,13.1
174,23,30 January 2027,CHE,NFO,1.83,1.28,49.0,25.3,25.8,27.8,16.2,61.7,59.9,1-1,11.7
173,23,30 January 2027,BRE,MUN,1.72,1.29,46.3,26.1,27.6,27.5,17.9,60.7,57.9,1-1,12.2
171,23,30 January 2027,BOU,FUL,1.58,1.19,45.1,27.5,27.4,30.5,20.6,56.5,52.2,1-1,13.1
180,23,30 January 2027,TOT,SUN,1.59,1.29,43.2,27.1,29.6,27.7,20.4,58.9,54.8,1-1,12.8
178,23,30 January 2027,MCI,ARS,1.4,1.18,40.6,29.1,30.3,30.8,24.7,53.5,47.6,1-1,13.9
176,23,30 January 2027,HUL,CRY,1.39,1.21,39.8,29.0,31.2,29.9,24.8,54.1,48.1,1-1,13.9
179,23,30 January 2027,NEW,BHA,1.58,1.68,35.3,25.5,39.2,18.7,20.6,65.7,63.1,1-1,11.3
175,23,30 January 2027,COV,LEE,0.87,1.59,19.3,27.7,53.0,20.3,41.8,47.7,44.7,1-1,13.1
182,24,6 February 2027,BHA,HUL,2.07,0.87,63.9,22.3,13.8,41.9,12.7,51.8,56.1,2-0,11.4
181,24,6 February 2027,ARS,LIV,1.73,0.88,56.2,26.1,17.7,41.5,17.7,49.4,48.4,1-1,12.4
183,24,6 February 2027,CRY,COV,1.7,0.93,54.2,26.5,19.3,39.4,18.3,50.7,48.8,1-1,12.7
187,24,6 February 2027,LEE,BOU,1.69,1.12,49.4,26.7,23.9,32.7,18.5,56.1,53.1,1-1,12.7
188,24,6 February 2027,MUN,CHE,1.96,1.48,47.5,24.1,28.4,22.7,14.2,67.3,66.6,1-1,10.4
184,24,6 February 2027,EVE,NEW,1.48,1.24,41.4,28.2,30.4,29.0,22.8,56.2,51.1,1-1,13.4
190,24,6 February 2027,SUN,AVL,1.33,1.38,34.7,28.5,36.8,25.2,26.4,56.4,50.9,1-1,13.6
186,24,6 February 2027,IPS,TOT,1.34,1.42,34.2,28.1,37.7,24.2,26.1,57.4,52.2,1-1,13.4
189,24,6 February 2027,NFO,BRE,1.21,1.29,33.2,29.8,37.0,27.4,29.7,52.4,45.7,1-1,14.2
185,24,6 February 2027,FUL,MCI,1.01,2.12,16.1,22.3,61.5,12.1,36.5,56.9,60.2,1-1,10.5
191,25,10 February 2027,AVL,BOU,1.73,1.27,47.0,26.1,26.9,28.1,17.7,60.4,57.6,1-1,12.2
199,25,10 February 2027,NEW,CHE,1.96,1.54,46.4,24.0,29.7,21.4,14.2,68.4,67.7,1-1,10.2
194,25,10 February 2027,EVE,LEE,1.3,1.02,41.4,30.8,27.9,36.0,27.3,47.9,40.9,1-1,14.5
196,25,10 February 2027,HUL,SUN,1.37,1.16,40.3,29.4,30.3,31.4,25.4,52.6,46.4,1-1,14.1
198,25,10 February 2027,MUN,BHA,1.67,1.61,38.5,25.4,36.2,19.9,18.9,66.1,63.6,1-1,11.2
195,25,10 February 2027,FUL,NFO,1.26,1.21,36.1,30.0,33.9,29.8,28.4,51.7,44.9,1-1,14.3
193,25,10 February 2027,CRY,BRE,1.24,1.49,30.4,28.1,41.5,22.6,28.8,56.5,51.4,1-1,13.4
200,25,10 February 2027,TOT,MCI,1.02,2.11,16.5,22.5,61.1,12.2,36.0,57.2,60.3,1-1,10.5
192,25,10 February 2027,COV,LIV,0.77,2.05,12.0,22.0,66.1,12.9,46.4,47.7,53.3,0-2,12.6
197,25,10 February 2027,IPS,ARS,0.75,2.17,10.6,20.5,69.0,11.5,47.4,47.5,55.5,0-2,12.8
202,26,20 February 2027,ARS,FUL,2.45,0.67,75.5,17.0,7.4,51.4,8.8,45.1,59.6,2-0,13.5
207,26,20 February 2027,LIV,HUL,2.24,0.8,68.9,20.1,11.0,45.0,10.7,50.1,58.3,2-0,12.1
203,26,20 February 2027,BRE,COV,2.15,0.75,68.4,20.8,10.9,47.1,11.7,47.7,55.2,2-0,12.8
208,26,20 February 2027,MCI,NEW,2.42,0.99,67.7,19.4,12.9,37.2,9.0,58.1,65.9,2-0,9.8
204,26,20 February 2027,BHA,TOT,2.15,0.96,63.3,21.9,14.9,38.3,11.8,55.4,59.7,2-0,10.4
205,26,20 February 2027,CHE,IPS,2.37,1.24,61.3,20.7,17.9,29.0,9.4,65.2,69.6,2-1,9.5
201,26,20 February 2027,BOU,CRY,1.69,1.21,47.3,26.5,26.2,29.9,18.5,58.4,55.3,1-1,12.5
206,26,20 February 2027,LEE,AVL,1.54,1.12,45.6,28.0,26.4,32.5,21.4,54.4,49.8,1-1,13.4
209,26,20 February 2027,NFO,MUN,1.32,1.37,34.6,28.6,36.8,25.4,26.7,56.0,50.4,1-1,13.6
210,26,20 February 2027,SUN,EVE,1.09,1.29,29.9,30.6,39.5,27.7,33.7,49.4,42.3,1-1,14.5
214,27,27 February 2027,EVE,NFO,1.41,0.93,46.7,29.9,23.4,39.5,24.5,47.1,41.4,1-1,14.0
213,27,27 February 2027,CRY,SUN,1.48,1.24,41.4,28.2,30.4,28.9,22.7,56.2,51.1,1-1,13.4
211,27,27 February 2027,AVL,CHE,1.72,1.55,40.9,25.4,33.7,21.3,18.0,65.6,63.2,1-1,11.3
219,27,27 February 2027,NEW,BRE,1.58,1.41,40.4,26.8,32.8,24.5,20.6,61.2,57.4,1-1,12.5
215,27,27 February 2027,FUL,LEE,1.19,1.33,31.9,29.6,38.5,26.4,30.4,52.6,46.2,1-1,14.1
218,27,27 February 2027,MUN,ARS,1.07,1.61,24.1,27.5,48.4,20.1,34.2,53.8,50.0,1-1,13.2
220,27,27 February 2027,TOT,LIV,1.12,1.69,23.9,26.6,49.5,18.5,32.8,56.1,53.1,1-1,12.7
212,27,27 February 2027,COV,BOU,1.01,1.53,23.7,28.4,48.0,21.6,36.4,51.2,46.6,1-1,13.5
217,27,27 February 2027,IPS,BHA,1.07,2.03,18.3,23.3,58.4,13.2,34.4,58.0,59.6,1-1,10.9
216,27,27 February 2027,HUL,MCI,0.83,2.04,13.3,22.4,64.3,13.1,43.7,49.9,54.3,0-2,11.9
222,28,3 March 2027,ARS,CRY,2.48,0.66,76.2,16.7,7.2,51.7,8.5,45.0,60.2,2-0,13.5
225,28,3 March 2027,CHE,COV,2.42,0.86,70.4,18.7,10.8,42.1,9.0,53.5,63.3,2-0,11.1
228,28,3 March 2027,MCI,EVE,2.05,0.79,65.5,22.1,12.4,45.4,12.9,48.6,53.8,2-0,12.4
224,28,3 March 2027,BHA,FUL,2.1,0.93,63.1,22.2,14.7,39.4,12.3,54.2,58.2,2-0,10.7
223,28,3 March 2027,BRE,IPS,2.07,0.91,62.8,22.5,14.7,40.1,12.7,53.4,57.1,2-0,10.9
227,28,3 March 2027,LIV,AVL,1.99,0.98,59.7,23.5,16.8,37.6,13.7,54.9,56.8,1-1,11.1
226,28,3 March 2027,LEE,HUL,1.63,0.9,53.2,27.3,19.5,40.6,19.6,49.1,46.4,1-1,13.0
221,28,3 March 2027,BOU,TOT,1.6,1.19,45.5,27.3,27.1,30.4,20.2,56.8,52.7,1-1,13.0
229,28,3 March 2027,NFO,NEW,1.35,1.34,35.9,28.6,35.5,26.2,26.0,56.0,50.3,1-1,13.6
230,28,3 March 2027,SUN,MUN,1.31,1.6,30.1,27.0,43.0,20.2,27.0,59.6,55.7,1-1,12.7
237,29,13 March 2027,LIV,IPS,2.53,0.8,73.7,17.3,9.0,44.9,8.1,51.5,64.1,2-0,11.6
232,29,13 March 2027,AVL,HUL,1.68,1.07,50.4,26.8,22.9,34.4,18.6,54.7,51.8,1-1,12.8
238,29,13 March 2027,MUN,EVE,1.46,1.19,42.1,28.5,29.4,30.4,23.1,54.8,49.5,1-1,13.6
235,29,13 March 2027,CRY,FUL,1.41,1.25,39.4,28.7,31.9,28.7,24.4,55.3,49.6,1-1,13.7
231,29,13 March 2027,BOU,NEW,1.45,1.46,36.2,27.3,36.6,23.2,23.4,60.2,55.8,1-1,12.8
240,29,13 March 2027,TOT,NFO,1.27,1.25,35.6,29.7,34.7,28.5,28.0,52.8,46.2,1-1,14.2
236,29,13 March 2027,LEE,BHA,1.37,1.46,34.1,27.7,38.2,23.2,25.5,58.5,53.7,1-1,13.1
239,29,13 March 2027,SUN,BRE,1.23,1.48,30.1,28.3,41.6,22.9,29.4,55.8,50.6,1-1,13.5
233,29,13 March 2027,CHE,ARS,1.16,1.83,22.9,25.3,51.8,16.1,31.4,58.7,57.3,1-1,11.9
234,29,13 March 2027,COV,MCI,0.69,2.43,7.9,17.4,74.8,8.9,50.3,46.1,59.7,0-2,13.2
241,30,20 March 2027,ARS,SUN,2.57,0.63,78.1,15.6,6.3,53.2,7.8,43.9,61.4,2-0,13.7
243,30,20 March 2027,BHA,COV,2.55,0.67,77.0,16.1,6.9,51.2,7.9,45.7,61.9,2-0,13.2
248,30,20 March 2027,MCI,MUN,2.3,1.0,65.3,20.5,14.1,36.9,10.1,57.7,63.7,2-0,9.9
242,30,20 March 2027,BRE,BOU,1.87,1.13,53.4,24.9,21.6,32.3,15.4,58.4,57.6,1-1,11.7
244,30,20 March 2027,EVE,TOT,1.57,0.97,49.9,28.0,22.1,37.8,20.9,50.5,46.6,1-1,13.4
249,30,20 March 2027,NEW,LEE,1.7,1.31,45.2,26.2,28.5,26.9,18.3,60.9,57.9,1-1,12.2
247,30,20 March 2027,IPS,CRY,1.45,1.37,38.0,27.8,34.2,25.5,23.4,58.4,53.5,1-1,13.2
250,30,20 March 2027,NFO,AVL,1.35,1.27,37.3,29.1,33.7,28.1,26.1,54.5,48.5,1-1,13.9
246,30,20 March 2027,HUL,CHE,1.28,1.6,29.4,27.1,43.5,20.2,27.7,58.9,55.0,1-1,12.8
245,30,20 March 2027,FUL,LIV,1.12,1.69,24.1,26.7,49.2,18.5,32.5,56.3,53.3,1-1,12.7
258,31,10 April 2027,MUN,HUL,1.97,1.0,58.5,23.8,17.6,36.7,14.1,55.5,56.8,1-1,11.3
257,31,10 April 2027,LIV,NEW,2.07,1.13,57.9,23.1,19.1,32.5,12.7,60.0,61.7,1-1,10.6
253,31,10 April 2027,CHE,FUL,2.04,1.17,56.3,23.4,20.3,31.1,13.0,61.0,62.0,1-1,10.7
256,31,10 April 2027,LEE,NFO,1.5,0.97,48.2,28.7,23.0,37.9,22.3,49.6,44.8,1-1,13.7
259,31,10 April 2027,SUN,IPS,1.68,1.22,46.8,26.6,26.6,29.4,18.6,58.6,55.4,1-1,12.5
260,31,10 April 2027,TOT,BRE,1.26,1.44,31.5,28.4,40.0,23.7,28.5,55.9,50.5,1-1,13.6
252,31,10 April 2027,AVL,BHA,1.32,1.65,29.7,26.6,43.7,19.3,26.6,60.5,56.9,1-1,12.4
255,31,10 April 2027,CRY,EVE,1.11,1.34,29.4,30.0,40.7,26.2,33.1,50.8,44.2,1-1,14.3
251,31,10 April 2027,BOU,MCI,1.07,1.99,18.9,23.7,57.4,13.7,34.2,57.9,59.0,1-1,11.1
254,31,10 April 2027,COV,ARS,0.61,2.24,7.8,18.7,73.5,10.7,54.2,41.7,54.0,0-2,14.6
268,32,17 April 2027,MCI,CRY,2.68,0.8,75.9,15.9,8.1,44.9,7.0,52.0,66.9,2-0,11.3
261,32,17 April 2027,ARS,AVL,2.26,0.75,70.3,19.6,10.1,47.0,10.5,48.3,57.6,2-0,12.6
263,32,17 April 2027,BHA,CHE,2.14,1.28,55.9,22.7,21.4,27.8,11.8,64.7,66.3,1-1,10.0
269,32,17 April 2027,NEW,TOT,1.93,1.2,53.2,24.4,22.4,30.1,14.5,60.9,60.5,1-1,11.3
266,32,17 April 2027,HUL,COV,1.56,0.9,51.3,28.2,20.5,40.7,21.1,48.1,44.4,1-1,13.4
264,32,17 April 2027,EVE,BOU,1.51,1.05,46.6,28.5,25.0,35.0,22.0,52.0,47.2,1-1,13.6
262,32,17 April 2027,BRE,LEE,1.48,1.13,43.7,28.6,27.7,32.2,22.8,53.7,48.4,1-1,13.7
265,32,17 April 2027,FUL,SUN,1.44,1.23,40.6,28.5,30.9,29.2,23.6,55.4,49.9,1-1,13.6
267,32,17 April 2027,IPS,MUN,1.28,1.72,27.3,26.1,46.5,17.9,27.8,60.5,57.6,1-1,12.2
270,32,17 April 2027,NFO,LIV,1.04,1.49,25.2,28.8,46.1,22.6,35.3,51.5,46.3,1-1,13.7
272,33,24 April 2027,AVL,COV,1.95,0.84,62.3,23.4,14.3,43.3,14.3,49.7,52.6,2-0,11.8
278,33,24 April 2027,NEW,IPS,2.2,1.07,61.6,21.8,16.6,34.2,11.2,59.5,63.2,1-1,10.0
277,33,24 April 2027,MUN,CRY,2.1,1.11,58.7,22.8,18.5,32.9,12.4,59.8,61.9,1-1,10.5
273,33,24 April 2027,BRE,FUL,1.8,0.96,55.9,25.5,18.6,38.5,16.6,52.5,51.8,1-1,12.2
279,33,24 April 2027,NFO,SUN,1.46,1.03,45.7,29.0,25.3,35.6,23.1,50.8,45.5,1-1,13.8
280,33,24 April 2027,TOT,HUL,1.42,1.14,42.1,29.1,28.8,32.1,24.2,52.8,47.0,1-1,13.9
275,33,24 April 2027,EVE,BHA,1.32,1.39,34.1,28.5,37.4,25.0,26.8,56.2,50.7,1-1,13.6
276,33,24 April 2027,LEE,LIV,1.28,1.42,32.6,28.4,38.9,24.2,27.7,56.1,50.7,1-1,13.6
274,33,24 April 2027,CHE,MCI,1.33,2.06,23.6,23.4,53.0,12.8,26.4,65.1,65.6,1-1,10.3
271,33,24 April 2027,BOU,ARS,0.95,1.89,17.3,24.5,58.2,15.2,38.8,53.0,53.7,1-1,11.7
281,34,1 May 2027,ARS,TOT,2.37,0.69,73.7,18.0,8.3,50.0,9.4,46.2,58.7,2-0,13.3
289,34,1 May 2027,MCI,BRE,2.09,0.94,62.6,22.4,15.1,39.0,12.4,54.5,58.2,1-1,10.6
282,34,1 May 2027,BHA,NFO,1.89,0.92,58.8,24.4,16.8,39.8,15.2,52.2,53.1,1-1,11.7
288,34,1 May 2027,LIV,CHE,2.15,1.22,57.3,22.6,20.1,29.5,11.7,63.2,65.2,1-1,10.1
284,34,1 May 2027,CRY,AVL,1.36,1.41,35.0,28.1,36.9,24.5,25.6,57.5,52.3,1-1,13.3
286,34,1 May 2027,HUL,BOU,1.23,1.28,33.8,29.8,36.4,27.8,29.3,52.4,45.8,1-1,14.2
290,34,1 May 2027,SUN,NEW,1.34,1.53,32.2,27.4,40.4,21.8,26.1,59.1,54.6,1-1,12.9
285,34,1 May 2027,FUL,EVE,1.09,1.25,30.6,30.9,38.5,28.8,33.7,48.7,41.3,1-1,14.6
287,34,1 May 2027,IPS,LEE,1.16,1.5,28.1,28.3,43.6,22.3,31.2,54.8,49.7,1-1,13.5
283,34,1 May 2027,COV,MUN,1.06,1.99,18.7,23.7,57.6,13.7,34.5,57.6,58.7,1-1,11.1
298,35,8 May 2027,NEW,COV,2.23,0.85,67.4,20.5,12.1,42.6,10.9,52.1,59.2,2-0,11.5
293,35,8 May 2027,BHA,SUN,2.21,0.95,64.9,21.1,14.0,38.8,11.0,55.4,60.9,2-0,10.5
297,35,8 May 2027,MCI,LIV,1.93,1.06,56.3,24.3,19.4,34.6,14.6,57.0,57.3,1-1,11.5
294,35,8 May 2027,EVE,HUL,1.52,0.88,51.1,28.6,20.3,41.6,21.8,47.0,43.0,1-1,13.5
292,35,8 May 2027,BRE,AVL,1.74,1.15,50.0,26.1,23.9,31.8,17.6,57.5,55.0,1-1,12.4
295,35,8 May 2027,FUL,IPS,1.62,1.21,45.4,27.1,27.4,29.7,19.9,57.6,53.7,1-1,12.9
299,35,8 May 2027,NFO,CRY,1.46,1.1,44.1,28.9,27.0,33.4,23.2,52.5,47.1,1-1,13.8
291,35,8 May 2027,BOU,MUN,1.42,1.49,34.8,27.3,38.0,22.5,24.2,60.0,55.6,1-1,12.8
300,35,8 May 2027,TOT,CHE,1.52,1.64,34.5,25.9,39.6,19.4,21.9,64.1,61.1,1-1,11.8
296,35,8 May 2027,LEE,ARS,0.95,1.59,21.3,27.8,50.9,20.5,38.6,50.1,46.5,1-1,13.3
301,36,15 May 2027,ARS,NFO,2.13,0.62,71.3,20.0,8.7,53.6,11.9,41.8,51.7,2-0,14.5
308,36,15 May 2027,LIV,BRE,1.73,1.12,50.4,26.2,23.3,32.7,17.7,56.6,54.2,1-1,12.5
303,36,15 May 2027,CHE,EVE,1.65,1.25,45.5,26.8,27.7,28.8,19.3,58.7,55.2,1-1,12.6
309,36,15 May 2027,MUN,LEE,1.69,1.29,45.5,26.3,28.1,27.5,18.5,60.3,57.2,1-1,12.3
302,36,15 May 2027,AVL,NEW,1.61,1.42,40.9,26.5,32.6,24.2,20.0,61.9,58.3,1-1,12.3
306,36,15 May 2027,HUL,FUL,1.28,1.18,37.3,30.0,32.6,30.6,27.7,51.6,44.7,1-1,14.3
310,36,15 May 2027,SUN,BOU,1.42,1.39,36.7,27.9,35.4,25.0,24.3,58.1,53.1,1-1,13.2
304,36,15 May 2027,COV,TOT,1.05,1.46,25.9,29.0,45.1,23.2,34.8,51.4,46.0,1-1,13.8
305,36,15 May 2027,CRY,BHA,1.16,1.88,22.2,24.9,52.9,15.3,31.3,59.3,58.5,1-1,11.6
307,36,15 May 2027,IPS,MCI,0.85,2.36,10.9,19.2,69.9,9.5,42.9,52.5,61.8,0-2,11.4
317,37,23 May 2027,MCI,AVL,2.41,0.92,69.0,19.1,11.8,39.8,9.1,55.6,64.3,2-0,10.5
318,37,23 May 2027,NEW,CRY,2.04,1.12,57.4,23.3,19.3,32.7,13.0,59.6,61.0,1-1,10.8
313,37,23 May 2027,BRE,HUL,1.78,0.91,56.5,25.6,17.8,40.2,16.9,50.9,50.3,1-1,12.2
315,37,23 May 2027,FUL,COV,1.69,0.91,54.5,26.6,18.9,40.4,18.5,49.9,48.0,1-1,12.7
316,37,23 May 2027,LEE,SUN,1.73,0.94,54.5,26.2,19.3,38.9,17.8,51.5,49.9,1-1,12.5
319,37,23 May 2027,NFO,IPS,1.7,1.03,51.6,26.6,21.7,35.7,18.4,53.8,51.2,1-1,12.7
311,37,23 May 2027,BHA,LIV,1.66,1.35,43.6,26.5,30.0,26.0,19.1,61.1,57.7,1-1,12.3
312,37,23 May 2027,BOU,CHE,1.61,1.58,37.6,25.9,36.5,20.7,20.1,64.5,61.6,1-1,11.7
320,37,23 May 2027,TOT,MUN,1.37,1.58,31.9,26.9,41.2,20.5,25.3,60.6,56.6,1-1,12.6
314,37,23 May 2027,EVE,ARS,0.83,1.52,19.1,28.6,52.3,21.8,43.7,45.3,41.6,1-1,13.3
328,38,30 May 2027,LIV,BOU,2.08,1.01,60.6,22.7,16.7,36.3,12.6,56.7,59.4,1-1,10.7
321,38,30 May 2027,ARS,BHA,1.96,0.98,58.8,23.9,17.4,37.4,14.2,54.9,56.2,1-1,11.3
329,38,30 May 2027,MUN,FUL,1.95,1.06,56.6,24.1,19.2,34.5,14.3,57.3,57.8,1-1,11.4
322,38,30 May 2027,AVL,TOT,1.74,1.2,48.7,26.1,25.2,30.1,17.7,58.7,56.1,1-1,12.3
323,38,30 May 2027,CHE,BRE,1.69,1.47,41.8,25.8,32.3,23.1,18.5,63.9,61.1,1-1,11.7
326,38,30 May 2027,HUL,NEW,1.29,1.47,31.8,28.0,40.1,23.0,27.6,57.1,52.0,1-1,13.3
325,38,30 May 2027,CRY,LEE,1.17,1.39,30.3,29.3,40.4,25.0,31.0,53.1,47.0,1-1,14.0
327,38,30 May 2027,IPS,EVE,1.09,1.39,27.9,29.5,42.5,24.8,33.7,51.2,45.1,1-1,14.1
324,38,30 May 2027,COV,NFO,0.99,1.41,25.0,29.7,45.2,24.4,37.2,48.8,42.9,1-1,14.1
330,38,30 May 2027,SUN,MCI,0.88,2.17,13.0,21.2,65.7,11.5,41.6,52.7,58.4,0-2,11.3
